등록일시,채널명,영상제목,영상URL,Video ID,핵심 요약,블로그 초안,발행 상태
2026-09-17 10:05:25,Motorian모터리언,"구독자님 차로 이런 사진 찍어드려요, 기아 EV6 이별여행이라고 하긴 했는데... (위치 정보 포함)",https://www.youtube.com/watch?v=hpgVjV4d6_s,hpgVjV4d6_s,해당 영상은 자막이 제공되지 않아 자동 요약이 제한되었습니다.,"제목: 구독자님 차로 이런 사진 찍어드려요, 기아 EV6 이별여행이라고 하긴 했는데... (위치 정보 포함)
영상 링크: https://www.youtube.com/watch?v=hpgVjV4d6_s
(자막 미지원 영상)",대기
2026-09-17 10:05:33,Motorian모터리언,전기로 갈 것인가? 남을 것인가? BMW X3 30 xDrive MSP프로,https://www.youtube.com/watch?v=JU91DKMrEec,JU91DKMrEec,해당 영상은 자막이 제공되지 않아 자동 요약이 제한되었습니다.,"제목: 전기로 갈 것인가? 남을 것인가? BMW X3 30 xDrive MSP프로
영상 링크: https://www.youtube.com/watch?v=JU91DKMrEec
(자막 미지원 영상)",대기
2026-09-17 10:05:40,Motorian모터리언,현대차 자율주행 꽤 하는데? 테슬라 추월할 신기술은? 2028년 레벨 2++ 정식 출시! 너!무 멀어...,https://www.youtube.com/watch?v=xGeiKbDCmNk,xGeiKbDCmNk,해당 영상은 자막이 제공되지 않아 자동 요약이 제한되었습니다.,"제목: 현대차 자율주행 꽤 하는데? 테슬라 추월할 신기술은? 2028년 레벨 2++ 정식 출시! 너!무 멀어...
영상 링크: https://www.youtube.com/watch?v=xGeiKbDCmNk
(자막 미지원 영상)",대기
2026-09-17 10:05:44,Motorian모터리언,돌을 좀 많이 세워봤습니다 ㅋㅋ,https://www.youtube.com/watch?v=cfOkJ5ZPM8Y,cfOkJ5ZPM8Y,해당 영상은 자막이 제공되지 않아 자동 요약이 제한되었습니다.,"제목: 돌을 좀 많이 세워봤습니다 ㅋㅋ
영상 링크: https://www.youtube.com/watch?v=cfOkJ5ZPM8Y
(자막 미지원 영상)",대기
2026-09-17 10:05:50,한상기 오토프레스 Han Sang Ki,폴스타 3 퍼포먼스 급가속(Polestar 3 Performance Acceleration) - 2026.09.14,https://www.youtube.com/watch?v=6p8nd7uNYYw,6p8nd7uNYYw,해당 영상은 자막이 제공되지 않아 자동 요약이 제한되었습니다.,"제목: 폴스타 3 퍼포먼스 급가속(Polestar 3 Performance Acceleration) - 2026.09.14
영상 링크: https://www.youtube.com/watch?v=6p8nd7uNYYw
(자막 미지원 영상)",대기
2026-09-17 10:05:57,한상기 오토프레스 Han Sang Ki,"현대차그룹 자율주행 미디어데이, 42DOT이 추진하는 기술 소개, 2029년에 아트리아 레벨 2++ 양산, 5년 내 경쟁사 누적 데이터양 추월 예상 - 2026.09.11",https://www.youtube.com/watch?v=LIc0pAMrTuY,LIc0pAMrTuY,해당 영상은 자막이 제공되지 않아 자동 요약이 제한되었습니다.,"제목: 현대차그룹 자율주행 미디어데이, 42DOT이 추진하는 기술 소개, 2029년에 아트리아 레벨 2++ 양산, 5년 내 경쟁사 누적 데이터양 추월 예상 - 2026.09.11
영상 링크: https://www.youtube.com/watch?v=LIc0pAMrTuY
(자막 미지원 영상)",대기
2026-09-17 10:06:04,한상기 오토프레스 Han Sang Ki,"현대 아이오닉 9 AWD 성능형 6인승 시승기, 캘리그래피 9,407만원(2025 Hyundai Ioniq 9 Performance Test Drive) - 2026.09.03",https://www.youtube.com/watch?v=DCfdsCfe-u0,DCfdsCfe-u0,해당 영상은 자막이 제공되지 않아 자동 요약이 제한되었습니다.,"제목: 현대 아이오닉 9 AWD 성능형 6인승 시승기, 캘리그래피 9,407만원(2025 Hyundai Ioniq 9 Performance Test Drive) - 2026.09.03
영상 링크: https://www.youtube.com/watch?v=DCfdsCfe-u0
(자막 미지원 영상)",대기
2026-09-17 10:06:11,한상기 오토프레스 Han Sang Ki,"기아 PBV 생산 허브 테크데이, 기아 화성 오토랜드 탐방, 질의응답 - 2026.09.08",https://www.youtube.com/watch?v=-SlJizFj-Ms,-SlJizFj-Ms,해당 영상은 자막이 제공되지 않아 자동 요약이 제한되었습니다.,"제목: 기아 PBV 생산 허브 테크데이, 기아 화성 오토랜드 탐방, 질의응답 - 2026.09.08
영상 링크: https://www.youtube.com/watch?v=-SlJizFj-Ms
(자막 미지원 영상)",대기
2026-09-17 10:06:15,한상기 오토프레스 Han Sang Ki,현대 아이오닉 9 AWD 성능형 6인승 급가속(2025 Hyundai Ioniq 9 Performance Acceleration) - 2026.09.02,https://www.youtube.com/watch?v=sEgbIumas5M,sEgbIumas5M,해당 영상은 자막이 제공되지 않아 자동 요약이 제한되었습니다.,"제목: 현대 아이오닉 9 AWD 성능형 6인승 급가속(2025 Hyundai Ioniq 9 Performance Acceleration) - 2026.09.02
영상 링크: https://www.youtube.com/watch?v=sEgbIumas5M
(자막 미지원 영상)",대기
2026-09-17 10:06:23,mediaAUTO 미디어오토,"포드, 토요타, 닛산, 안타깝습니다 // 국제 상용차모터쇼, 독일 하노버, IAA 2026",https://www.youtube.com/watch?v=XB6hzFOEiRM,XB6hzFOEiRM,해당 영상은 자막이 제공되지 않아 자동 요약이 제한되었습니다.,"제목: 포드, 토요타, 닛산, 안타깝습니다 // 국제 상용차모터쇼, 독일 하노버, IAA 2026
영상 링크: https://www.youtube.com/watch?v=XB6hzFOEiRM
(자막 미지원 영상)",대기
2026-09-17 10:06:30,mediaAUTO 미디어오토,"테슬라 세미 트럭, 실제로 보니... #테슬라 #세미 #트럭",https://www.youtube.com/watch?v=ItiRRII2h8w,ItiRRII2h8w,해당 영상은 자막이 제공되지 않아 자동 요약이 제한되었습니다.,"제목: 테슬라 세미 트럭, 실제로 보니... #테슬라 #세미 #트럭
영상 링크: https://www.youtube.com/watch?v=ItiRRII2h8w
(자막 미지원 영상)",대기
2026-09-17 10:06:37,mediaAUTO 미디어오토,"PV7 실물 리뷰.. 16인승은? // 기아, PV7, PBV, 독일, 하노버, 상용차모터쇼#PV7 #PBV #KIA",https://www.youtube.com/watch?v=sHs9nm2mFSA,sHs9nm2mFSA,해당 영상은 자막이 제공되지 않아 자동 요약이 제한되었습니다.,"제목: PV7 실물 리뷰.. 16인승은? // 기아, PV7, PBV, 독일, 하노버, 상용차모터쇼#PV7 #PBV #KIA
영상 링크: https://www.youtube.com/watch?v=sHs9nm2mFSA
(자막 미지원 영상)",대기
2026-09-17 10:06:48,오토기어 autogear,"아이폰듀오 ""통쾌했어요!""",https://www.youtube.com/watch?v=L__40DipTA0,L__40DipTA0,해당 영상은 자막이 제공되지 않아 자동 요약이 제한되었습니다.,"제목: 아이폰듀오 ""통쾌했어요!""
영상 링크: https://www.youtube.com/watch?v=L__40DipTA0
(자막 미지원 영상)",대기
2026-09-17 10:06:56,오토기어 autogear,기아 중국과 또 손 잡나? 국산 배터리 또 외면하나?,https://www.youtube.com/watch?v=oaIc0A52yTY,oaIc0A52yTY,해당 영상은 자막이 제공되지 않아 자동 요약이 제한되었습니다.,"제목: 기아 중국과 또 손 잡나? 국산 배터리 또 외면하나?
영상 링크: https://www.youtube.com/watch?v=oaIc0A52yTY
(자막 미지원 영상)",대기
2026-09-17 10:07:03,오토기어 autogear,PV7 또 CATL이야?,https://www.youtube.com/watch?v=KU4QyY-K9zw,KU4QyY-K9zw,해당 영상은 자막이 제공되지 않아 자동 요약이 제한되었습니다.,"제목: PV7 또 CATL이야?
영상 링크: https://www.youtube.com/watch?v=KU4QyY-K9zw
(자막 미지원 영상)",대기
2026-09-17 10:07:10,오토기어 autogear,테슬라 레벨 3 포기하고 레벨 4로 바로 간다?,https://www.youtube.com/watch?v=eYKtdolWc7A,eYKtdolWc7A,해당 영상은 자막이 제공되지 않아 자동 요약이 제한되었습니다.,"제목: 테슬라 레벨 3 포기하고 레벨 4로 바로 간다?
영상 링크: https://www.youtube.com/watch?v=eYKtdolWc7A
(자막 미지원 영상)",대기
2026-09-17 10:07:17,오토기어 autogear,"FSD가 승인 못 받는 이유 ""현대차 망할까 봐?""",https://www.youtube.com/watch?v=bZA0wceME7I,bZA0wceME7I,해당 영상은 자막이 제공되지 않아 자동 요약이 제한되었습니다.,"제목: FSD가 승인 못 받는 이유 ""현대차 망할까 봐?""
영상 링크: https://www.youtube.com/watch?v=bZA0wceME7I
(자막 미지원 영상)",대기
2026-09-17 10:07:24,오토뷰(AutoView),"모델Y, 쏘렌토 가격으로... 2026 푸조 3008 하이브리드 리뷰 / 오토뷰 로드테스트",https://www.youtube.com/watch?v=FXF3RHSUWBE,FXF3RHSUWBE,해당 영상은 자막이 제공되지 않아 자동 요약이 제한되었습니다.,"제목: 모델Y, 쏘렌토 가격으로... 2026 푸조 3008 하이브리드 리뷰 / 오토뷰 로드테스트
영상 링크: https://www.youtube.com/watch?v=FXF3RHSUWBE
(자막 미지원 영상)",대기
2026-09-17 10:07:32,오토뷰(AutoView),전 세계 유일? 한국만 다른 대우... 2027 마이바흐 S580 페이스리프트 리뷰 / 오토뷰 로드테스트,https://www.youtube.com/watch?v=kiyvITW85-U,kiyvITW85-U,해당 영상은 자막이 제공되지 않아 자동 요약이 제한되었습니다.,"제목: 전 세계 유일? 한국만 다른 대우... 2027 마이바흐 S580 페이스리프트 리뷰 / 오토뷰 로드테스트
영상 링크: https://www.youtube.com/watch?v=kiyvITW85-U
(자막 미지원 영상)",대기
2026-09-17 10:07:39,오토뷰(AutoView),"쏘렌토, 싼타페 가격이면... 2026 BMW X1 xDrive 20i 리뷰 / 오토뷰 로드테스트",https://www.youtube.com/watch?v=x5ozIv8RM3A,x5ozIv8RM3A,해당 영상은 자막이 제공되지 않아 자동 요약이 제한되었습니다.,"제목: 쏘렌토, 싼타페 가격이면... 2026 BMW X1 xDrive 20i 리뷰 / 오토뷰 로드테스트
영상 링크: https://www.youtube.com/watch?v=x5ozIv8RM3A
(자막 미지원 영상)",대기
2026-09-17 10:07:48,오토뷰(AutoView),[리뷰] 2027 폴스타3 퍼포먼스 / 오토뷰 로드테스트,https://www.youtube.com/watch?v=aH6SP8HiKyY,aH6SP8HiKyY,해당 영상은 자막이 제공되지 않아 자동 요약이 제한되었습니다.,"제목: [리뷰] 2027 폴스타3 퍼포먼스 / 오토뷰 로드테스트
영상 링크: https://www.youtube.com/watch?v=aH6SP8HiKyY
(자막 미지원 영상)",대기
2026-09-17 10:07:55,모트라인 MOTline,"모델Y 주니퍼 취소하고, 바로 감가 가장 많이 된 전기차 샀습니다.",https://www.youtube.com/watch?v=e7t1YtwAboI,e7t1YtwAboI,해당 영상은 자막이 제공되지 않아 자동 요약이 제한되었습니다.,"제목: 모델Y 주니퍼 취소하고, 바로 감가 가장 많이 된 전기차 샀습니다.
영상 링크: https://www.youtube.com/watch?v=e7t1YtwAboI
(자막 미지원 영상)",대기
2026-09-17 10:08:02,모트라인 MOTline,중국산 모델Y 많이 팔릴수록 FSD가 더 똑똑해지는 이유,https://www.youtube.com/watch?v=yIB-O6D3AWQ,yIB-O6D3AWQ,해당 영상은 자막이 제공되지 않아 자동 요약이 제한되었습니다.,"제목: 중국산 모델Y 많이 팔릴수록 FSD가 더 똑똑해지는 이유
영상 링크: https://www.youtube.com/watch?v=yIB-O6D3AWQ
(자막 미지원 영상)",대기
2026-09-17 10:08:09,모트라인 MOTline,역시 자동차는 개인 취향대로 사는게 맞습니다ㅋㅋ,https://www.youtube.com/watch?v=hRxqSeXn0z4,hRxqSeXn0z4,해당 영상은 자막이 제공되지 않아 자동 요약이 제한되었습니다.,"제목: 역시 자동차는 개인 취향대로 사는게 맞습니다ㅋㅋ
영상 링크: https://www.youtube.com/watch?v=hRxqSeXn0z4
(자막 미지원 영상)",대기
2026-09-17 10:08:16,모트라인 MOTline,제발 이거 못본 초보 운전자들 없게 해주세요..,https://www.youtube.com/watch?v=c54KpK2UuNA,c54KpK2UuNA,해당 영상은 자막이 제공되지 않아 자동 요약이 제한되었습니다.,"제목: 제발 이거 못본 초보 운전자들 없게 해주세요..
영상 링크: https://www.youtube.com/watch?v=c54KpK2UuNA
(자막 미지원 영상)",대기
2026-09-17 10:08:24,모트라인 MOTline,"현대차, 테슬라 출신 사장 영입 후 미래 계획 발표.. 그런데 문제는…",https://www.youtube.com/watch?v=CB2jTWm3cyo,CB2jTWm3cyo,해당 영상은 자막이 제공되지 않아 자동 요약이 제한되었습니다.,"제목: 현대차, 테슬라 출신 사장 영입 후 미래 계획 발표.. 그런데 문제는…
영상 링크: https://www.youtube.com/watch?v=CB2jTWm3cyo
(자막 미지원 영상)",대기
2026-09-17 10:08:31,김한용의 MOCAR,대형 SUV가 중국에선 4천만원대…한국에 들어오면 어떨까?,https://www.youtube.com/watch?v=Z2q0PcSZxWM,Z2q0PcSZxWM,해당 영상은 자막이 제공되지 않아 자동 요약이 제한되었습니다.,"제목: 대형 SUV가 중국에선 4천만원대…한국에 들어오면 어떨까?
영상 링크: https://www.youtube.com/watch?v=Z2q0PcSZxWM
(자막 미지원 영상)",대기
2026-09-17 10:08:38,김한용의 MOCAR,"테슬라 세미 트럭 직접 올라타보니! 1,088마력·550km…그런데 FSD가 없다?",https://www.youtube.com/watch?v=ZG3ZYa9l5Jc,ZG3ZYa9l5Jc,해당 영상은 자막이 제공되지 않아 자동 요약이 제한되었습니다.,"제목: 테슬라 세미 트럭 직접 올라타보니! 1,088마력·550km…그런데 FSD가 없다?
영상 링크: https://www.youtube.com/watch?v=ZG3ZYa9l5Jc
(자막 미지원 영상)",대기
2026-09-17 10:08:46,김한용의 MOCAR,"깜빡이 안 켜다 면허정지까지? 10월 집중단속, 진짜 무서운 건 벌점입니다",https://www.youtube.com/watch?v=1LcBTTuxCjc,1LcBTTuxCjc,해당 영상은 자막이 제공되지 않아 자동 요약이 제한되었습니다.,"제목: 깜빡이 안 켜다 면허정지까지? 10월 집중단속, 진짜 무서운 건 벌점입니다
영상 링크: https://www.youtube.com/watch?v=1LcBTTuxCjc
(자막 미지원 영상)",대기
2026-09-17 10:08:53,김한용의 MOCAR,기아 PV7 최초 공개! 이렇게 큰 차에 겨우 7명 탄다고?,https://www.youtube.com/watch?v=1BxUUxlEQ4c,1BxUUxlEQ4c,해당 영상은 자막이 제공되지 않아 자동 요약이 제한되었습니다.,"제목: 기아 PV7 최초 공개! 이렇게 큰 차에 겨우 7명 탄다고?
영상 링크: https://www.youtube.com/watch?v=1BxUUxlEQ4c
(자막 미지원 영상)",대기
2026-09-17 10:09:00,김한용의 MOCAR,자동차 에어컨 수리비 100만 원?! 신냉매는 죄가 없습니다,https://www.youtube.com/watch?v=YqgIXtX8iQ0,YqgIXtX8iQ0,해당 영상은 자막이 제공되지 않아 자동 요약이 제한되었습니다.,"제목: 자동차 에어컨 수리비 100만 원?! 신냉매는 죄가 없습니다
영상 링크: https://www.youtube.com/watch?v=YqgIXtX8iQ0
(자막 미지원 영상)",대기
2026-09-25 13:55:15,모터그래프 (Motorgraph),"베일 벗은 브랜드 첫 순수 전기차, 벤틀리 토르칼 세계 최초 공개",https://www.motorgraph.com/news/articleView.html?idxno=44594,idx_44594,"1. 벤틀리가 브랜드 최초의 순수 전기 도심형 럭셔리 SUV '토르칼(Torcal)'을 런던에서 세계 최초로 공개했습니다.
2. 최대 888마력과 137.7kgf·m의 압도적인 성능을 발휘하며, 정지 상태에서 100km/h까지 단 2.9초 만에 주파합니다.
3. 800V 시스템을 바탕으로 단 16분 만에 10%에서 80%까지 충전 가능하며, WLTP 기준 최대 600km를 주행할 수 있습니다.","📌 [블로그 추천 제목 후보 (택 1)]
1. 벤틀리 최초의 전기차 '토르칼' 베일 벗었다! 888마력 괴물 SUV 등장
2. 벤틀리 토르칼 공개: 100km/h 가속 2.9초, 럭셔리 전기 SUV의 끝판왕
3. 내연기관 명가 벤틀리가 만든 첫 순수 전기차 '토르칼', 과연 그 성능은?

📸 [대표 이미지 URL (본문 상단 삽입 권장)]
https://cdn.motorgraph.com/news/photo/202609/44594_214235_5141.jpg

==================================================

안녕하세요, 자동차 전문 에디터입니다! 오늘은 전 세계 럭셔리 자동차 시장에서 엄청난 파장을 불러일으킬 소식을 가지고 왔습니다. 바로 럭셔리 브랜드의 정점인 **벤틀리(Bentley)**가 브랜드 역사상 최초의 순수 전기차를 공개했는데요. 그 주인공은 바로 도심형 럭셔리 SUV **'토르칼(Torcal)'**입니다.

오랫동안 웅장한 V8 및 W12 엔진의 사운드와 품격으로 사랑받아 온 벤틀리가 과연 전기차 시대에는 어떤 감성을 보여줄지, 디자인부터 제원, 가격 가치까지 꼼꼼히 파헤쳐 보겠습니다!

---

### ⚡ 벤틀리 토르칼, 성능이 이 정도라고? (스펙 살펴보기)

'전기차는 다 비슷하다'는 편견을 벤틀리가 완전히 깨부수고 있습니다. 토르칼은 두 개의 강력한 영구자석 동기식 모터를 탑재해 엄청난 퍼포먼스를 자랑합니다.

* **최고출력:** 기본형 821마력 / **토르칼 S 888마력**
* **최대토크:** 무려 **137.7kgf·m** (벤틀리 역사상 가장 강력한 수치!)
* **제로백(0-100km/h):** 단 **2.9초** (토르칼 S 기준)
* **배터리 및 충전:** 800V 시스템, 113 kWh 용량, **400kW 급속 충전 시 10%->80% 충전까지 단 16분** 소요!
* **주행거리:** WLTP 기준 **최대 600km**

여기에 벤틀리 최초로 풀 액티브 서스펜션과 어댑티브 2 밸브 댐퍼가 적용되어, 플라잉스퍼의 안락함과 컨티넨탈 GT 스피드의 역동성을 동시에 느낄 수 있다고 합니다. 회전 반경도 11.1m로 차체 크기에 비해 도심 주행 기동성까지 훌륭하게 챙겼습니다.

---

### 🎨 감탄을 자아내는 디자인과 친환경 장인정신

로빈 페이지 디자인 총괄이 이끄는 크루 디자인 팀은 토르칼을 통해 '수직적 우아함'과 '끝없이 이어지는 보닛'이라는 새로운 디자인 언어를 완성했습니다.

* **외관:** 낮고 매끄러운 SUV 실루엣에 '휴식하는 맹수(Resting Beast)'를 연상시키는 강인한 리어 펜더 라인(헌치)이 압권입니다.
* **실내 인테리어:** 자동차 업계 최초로 100% 메리노 울 패브릭(폭스 브라더스 협업)을 적용했으며, 자투리 월넛 목재와 재활용 크래프트 페이퍼를 압착해 만든 '옴브레 월넛 바이 뮬리너' 등 지속가능하면서도 최고급의 럭셔리를 구현했습니다.
* **오감 만족 사운드:** 실제 악기 연주로 녹음한 '벤틀리 다이내믹 심포니'를 통해 전기차에서도 감성적인 청각적 피드백을 제공합니다. 심지어 방향지시등 소리까지 가죽 공방에서 망치질하는 소리를 녹음했다고 하니, 디테일에 진심인 벤틀리의 고집이 느껴집니다.

---

### 🛒 에디터 추천 및 총평: 누구를 위한 차일까?

토르칼은 단순히 기름을 전기로 바꾼 모델이 아닙니다. 영국 크루의 숙련된 장인정신과 최첨단 전기 파워트레인이 만나 벤틀리의 새로운 100년을 여는 기념비적인 모델입니다.

* **이런 분께 추천합니다:** 럭셔리 수입차 시장에서 남들과는 완전히 차별화된 전기 SUV를 원하시는 분, 정숙하면서도 폭발적인 슈퍼카 급 성능(제로백 2.9초)을 포기할 수 없는 오너 드라이버.

전통과 혁신을 완벽하게 조화시킨 벤틀리 토르칼! 국내 공식 출시일과 세부 트림별 가격 정보가 무척이나 기다려지는 모델입니다. 여러분은 벤틀리의 첫 전기차 토르칼에 대해 어떻게 생각하시나요?

==================================================
🏷️ [추천 검색 태그]
#자동차 #신차출시 #벤틀리 #토르칼 #Torcal #전기SUV #럭셔리전기차",대기
2026-09-25 13:55:25,모터그래프 (Motorgraph),"현대차, 코이카와 함께 모로코 마라케시에 일렉시티 공급",https://www.motorgraph.com/news/articleView.html?idxno=44598,idx_44598,"1. 현대자동차와 코이카(KOICA)가 협력하여 모로코 마라케시 시에 국산 친환경 전기버스 '일렉시티' 15대를 공급합니다.
2. 이번 사업은 모로코의 2050 탄소중립 목표를 지원하는 ODA(공적개발원조)의 일환으로 진행됩니다.
3. 전북 완주군 전주공장에서 초도 물량 전달식을 마쳤으며, 향후 북아프리카 지역 국산 상용차 진출의 교두보가 될 것으로 기대를 모으고 있습니다.","📌 [블로그 추천 제목 후보 (택 1)]
1. 현대차 일렉시티, 아프리카를 달리다! 모로코 마라케시 시에 친환경 전기버스 15대 공급
2. 모로코 탄소중립 앞장선 현대차 일렉시티, 코이카(KOICA) ODA 사업으로 북아프리카 진출
3. 국산 전기버스의 글로벌 도전! 현대차 일렉시티, 모로코 마라케시 시내버스 노선 투입 소식

📸 [대표 이미지 URL (본문 상단 삽입 권장)]
https://cdn.motorgraph.com/news/photo/202609/44598_214259_194.jpg

==================================================

안녕하세요, 여러분! 자동차 전문 에디터입니다. 🚗 오늘은 국산 친환경 상용차의 글로벌 무대 활약 소식을 가지고 왔습니다. 바로 현대자동차의 대표 전기버스 '일렉시티'가 아프리카 모로코의 역사적인 도시, 마라케시에 공급된다는 반가운 소식인데요! 자세한 내용 함께 살펴보겠습니다.

### 🌍 현대차 X 코이카, 모로코에 친환경 바람 불어넣다

현대자동차는 최근 코이카(KOICA·한국국제협력단)와 손을 잡고 모로코 마라케시 시에 친환경 전기버스 '일렉시티' 15대를 공급하는 프로젝트를 추진한다고 밝혔습니다.

전북 완주군 현대차 전주공장에서는 이번 사업의 시작을 알리는 국내 전달식이 열렸는데요, 이 자리에는 현대차 관계자를 비롯해 코이카 임원진, 그리고 샤픽 라샤디 주한 모로코 대사까지 참석해 자리를 빛냈습니다.

이번 프로젝트는 단순한 차량 판매를 넘어, 정부와 공공기관이 개발도상국의 경제·사회 발전을 지원하는 **공적개발원조(ODA)** 사업의 일환으로 진행되어 더욱 의미가 큽니다.

### 🚌 모로코 최초의 국산 전기버스, '일렉시티'는 어떤 차?

- **공급 규모**: 일렉시티 15대 및 급속충전기 등 관련 기자재
- **투입 노선**: 모로코 마라케시 시의 주요 관광지구 내 시내버스 노선
- **향후 일정**: 초도 물량 2대 제작 완료를 시작으로, 잔여 물량 생산 및 선적을 거쳐 **2027년 1분기** 현지에서 최종 전달 행사 개최 예정

모로코 정부는 2030년까지 온실가스 배출량을 대폭 감축하고, **2050년까지 탄소중립을 달성**하겠다는 야심 찬 목표를 가지고 있습니다. 마라케시는 특히 제22차 유엔기후변화협약(COP22)이 개최되었던 상징적인 도시인 만큼, 이번 일렉시티 도입으로 도심 대기오염 저감과 지속가능한 대중교통 환경 조성에 큰 박차를 가할 것으로 보입니다.

### 💡 에디터의 시선: 왜 이번 수출이 중요할까?

그동안 국산 상용차의 해외 진출 소식은 승용차에 비해 상대적으로 접하기 쉽지 않았는데요. 이번 모로코 마라케시 시내버스 노선 투입은 몇 가지 측면에서 큰 가치를 지닙니다.

1. **우수한 기술력 입증**: 까다로운 유럽 및 글로벌 환경 기준을 충족하는 지자체 ODA 사업에 당당히 채택되면서 일렉시티의 뛰어난 성능과 신뢰성을 다시 한번 증명했습니다.
2. **북아프리카 시장 교두보**: 모로코를 시작으로 향후 북아프리카 및 인근 아프리카 지역 전체로 국산 친환경 상용 모빌리티의 수출 활로가 넓어질 것으로 기대됩니다.
3. **현지 밀착형 지원**: 단순 차량 수출에 그치지 않고, 현지 운행 및 유지관리 역량 강화를 위한 기술 교육까지 패키지로 제공한다는 점이 돋보입니다.

### 🏁 마무리하며

대한민국 전주에서 만들어진 친환경 전기버스 일렉시티가 이제 아프리카 모로코의 아름다운 거리와 주요 관광지를 누빌 상상을 하니 왠지 모르게 국뽕이 차오르는 것 같습니다! 😊 앞으로도 현대차의 친환경 상용차가 전 세계 방방곡곡에서 활약하며 글로벌 친환경 모빌리티 시장을 선도하기를 응원해 봅니다. 

오늘 준비한 소식은 여기까지입니다. 더 유익하고 빠른 자동차 뉴스로 찾아오겠습니다. 감사합니다!

==================================================
🏷️ [추천 검색 태그]
#자동차 #신차출시 #일렉시티 #현대자동차 #전기버스 #모로코 #코이카 #친환경차",대기
2026-09-25 13:55:34,모터그래프 (Motorgraph),"2026 연례 자동차 기획조사, 렉서스 초기품질 내구품질 2년 연속 1위, 토요타 내구품질 2위",https://www.motorgraph.com/news/articleView.html?idxno=44597,idx_44597,"[오류] 요약 생성 실패: Expecting ',' delimiter: line 8 column 1402 (char 1809)","[오류] 블로그 포스팅 생성 실패: Expecting ',' delimiter: line 8 column 1402 (char 1809)",대기
2026-09-25 13:55:43,모터그래프 (Motorgraph),"메르세데스-벤츠 사회공헌위원회, 기브앤 레이스 기부금 5억 원 지원 결실",https://www.motorgraph.com/news/articleView.html?idxno=44595,idx_44595,"1. 메르세데스-벤츠 사회공헌위원회가 '기브앤 레이스' 기부금 5억 원을 지원해 과천시아동보호전문기관이 22일 본격 개소했습니다.
2. 해당 기관은 벤츠가 지원한 세 번째 아동보호전문기관으로, 학대피해 아동과 가족을 위한 상담 및 심리치료, 재학대 예방 업무를 수행합니다.
3. 스포츠와 기부를 결합한 '기브앤 레이스'는 2017년 이후 누적 참가자 약 16만 5천 명, 누적 기부금 약 86억 원을 기록하며 선한 영향력을 이어가고 있습니다.","📌 [블로그 추천 제목 후보 (택 1)]
1. 메르세데스-벤츠 기브앤 레이스, 과천시아동보호전문기관 개소로 결실 맺다
2. 달리기가 만든 기적! 벤츠 기브앤 레이스 기부금으로 문 연 과천 아동보호전문기관
3. 자동차를 넘어 지역사회로: 벤츠 사회공헌위원회의 따뜻한 행보와 기브앤 레이스 성과 총정리

📸 [대표 이미지 URL (본문 상단 삽입 권장)]
https://cdn.motorgraph.com/news/photo/202609/44595_214256_710.jpg

==================================================

안녕하세요, 자동차와 따뜻한 사회 이야기를 전해드리는 전문 에디터입니다. 자동차 브랜드들은 단순히 좋은 차를 만드는 것을 넘어 다양한 사회공헌 활동을 펼치고 있는데요. 오늘은 수많은 이들의 발걸음이 모여 큰 감동을 만들어낸 메르세데스-벤츠의 뜻깊은 소식을 전해드리려고 합니다.

### 🏃‍♂️ 달려서 만드는 기적, '메르세데스-벤츠 기브앤 레이스'

메르세데스-벤츠 사회공헌위원회가 진행하는 **'기브앤 레이스(GIVE ’N RACE)'**는 스포츠와 기부를 결합한 대표적인 시민 참여형 마라톤 행사입니다. 2017년 첫 대회를 시작으로 무려 제13회까지 이어져 오는 동안, **누적 참가자 약 16만 5천 명, 누적 기부금 약 86억 원**이라는 어마어마한 기록을 세웠는데요.

단순히 일회성 이벤트에 그치지 않고, 모인 기부금이 우리 사회 꼭 필요한 곳에 소중하게 쓰이고 있다는 점에서 더욱 주목을 받고 있습니다.

---

### 🏢 과천시아동보호전문기관 본격 운영 돌입 (세 번째 결실)

이번에 문을 연 **과천시아동보호전문기관**은 제12회 기브앤 레이스를 통해 조성된 기부금 5억 원을 바탕으로 설립되었습니다.

- **설립 의미:** 인천검암, 중부산에 이어 벤츠 사회공헌위원회가 지원한 **세 번째 아동보호전문기관**이며, 현재 준비 중인 동두천시 기관까지 포함하면 총 네 곳으로 늘어납니다.
- **지원 내용:** 5억 원의 기부금은 기관 내 사무실, 상담실, 프로그램실 조성 및 아동학대 사례관리·상담에 필요한 각종 기자재 마련에 알차게 쓰였습니다.
- **주요 역할:** 사단법인 한국예술심리상담협회가 운영을 맡아, 학대피해 아동과 가족을 위한 굳건한 울타리가 되어줍니다.
  - 전문 상담 및 사례관리
  - 심리검사 및 치료 연계
  - 재학대 예방을 위한 사후관리 및 예방 교육

개소식에 참석한 벤츠 코리아 이상국 부사장은 ""학대피해아동과 가족의 회복을 돕고, 아이들이 안전한 환경에서 건강하게 성장할 수 있는 기반이 되기를 바란다""며 진심 어린 소감을 전하기도 했습니다.

---

### 💡 에디터 추천 및 총평

자동차 브랜드가 전 세계의 프리미엄 이동성을 책임지는 것도 중요하지만, 이렇게 우리가 사는 지역사회와 깊게 교감하고 실질적인 도움을 주는 모습은 언제나 박수받아 마땅하다고 생각합니다. 

시민들의 건강한 달리기로 시작된 작은 발걸음이 아이들의 안전한 내일을 지키는 든든한 보건·복지 인프라로 이어졌다는 점이 참 감동적이지 않나요? 앞으로도 메르세데스-벤츠 사회공헌위원회의 이러한 선한 영향력이 더 넓고 깊게 퍼져나가기를 응원해 봅니다. 오늘 준비한 소식은 여기서 마치며, 더욱 유익하고 흥미로운 자동차·사회 이야기로 찾아오겠습니다!

==================================================
🏷️ [추천 검색 태그]
#메르세데스벤츠 #기브앤레이스 #사회공헌 #과천시아동보호전문기관 #벤츠코리아 #기부문화 #자동차뉴스",대기
2026-09-25 13:55:51,모터그래프 (Motorgraph),"KGM, 에티오피아 KD 사업 진출",https://www.motorgraph.com/news/articleView.html?idxno=44590,idx_44590,"1. KG 모빌리티(KGM)가 B&C, 영산글로넷과 손잡고 아프리카 에티오피아 KD(반제품 조립) 사업 진출을 공식화했습니다.
2. 에티오피아 현지 공장은 오는 10월 착공해 2027년 상반기 가동을 목표로 하며, 토레스 EVX와 무쏘 EV 등 친환경차를 연간 1,000대 규모로 공급합니다.
3. KGM은 에티오피아를 동아프리카 수출 전초기지로 삼고, 사우디아라비아·베트남 등 글로벌 신흥 시장 공략에 박차를 가할 계획입니다.","📌 [블로그 추천 제목 후보 (택 1)]
1. KGM, 아프리카로 영토 확장! 에티오피아에 KD 공장 세우고 토레스 EVX 투입
2. KGM 에티오피아 KD 사업 진출 소식 및 토레스 EVX·무쏘 EV 글로벌 공략 정리
3. 국산 친환경차 아프리카 달린다! KGM 에티오피아 KD 공장 설립의 모든 것

📸 [대표 이미지 URL (본문 상단 삽입 권장)]
https://cdn.motorgraph.com/news/photo/202609/44590_214233_4326.jpg

==================================================

안녕하세요 여러분! 국내 자동차 시장의 뜨거운 소식을 전해드리는 전문 에디터입니다. 오늘은 국산 자동차 브랜드의 반가운 글로벌 영토 확장 소식을 들고 왔습니다. 바로 KG 모빌리티(KGM)가 아프리카의 잠재력 넘치는 시장인 '에티오피아'에 KD(Knock Down·반제품 조립) 사업 진출을 본격화했다는 소식인데요! 자세한 내용 함께 살펴보겠습니다.

### 🌍 KGM, 에티오피아에 KD 공장 건설 추진!

최근 서울 중구 KG 타워에서 KGM은 B&C, 영산글로넷과 함께 에티오피아 KD 사업 진출을 위한 전략적 MOU(업무협약)를 체결했습니다. 이번 협약은 단순한 수출을 넘어, 현지 조립 공장을 설립해 아프리카 시장 공략의 교두보를 마련한다는 점에서 큰 의미가 있습니다.

각 파트너사들의 역할도 아주 체계적으로 나뉘어 있습니다.
- 🏭 **B&C 매뉴팩처링 그룹:** 에티오피아 현지 유력 기업으로 공장 부지와 인프라를 확보하고 현지 생산 및 판매를 담당합니다.
- 🛠️ **영산글로넷:** 글로벌 물류·엔지니어링 전문 기업으로 KD 공장 설계, 기술 컨설팅, 생산 설비 공급 등 전반적인 공장 건설을 지원합니다.
- 🚗 **KGM:** 우수한 품질의 차량 라인업과 부품 공급을 총괄합니다.

### ⚡ 친환경차 '토레스 EVX'와 '무쏘 EV' 아프리카 공략

이번에 건설될 에티오피아 KD 조립공장은 일정을 착실히 밟아나갈 예정입니다.
- **착공 일정:** 오는 10월 착공 예정
- **생산 개시:** 2027년 상반기 가동 목표
- **생산 규모:** 연간 약 1,000여 대

특히 주목할 점은 공급될 차량 라인업입니다. 국내에서도 큰 인기를 끌고 있는 **토레스 EVX**와 **무쏘 EV** 등 경쟁력 있는 친환경차 모델들이 주력으로 투입됩니다. 내연기관 중심이던 아프리카 신흥 시장에 친환경 전동화 바람을 일으킬 것으로 기대를 모으고 있습니다.

### 🚀 에티오피아를 넘어 동아프리카 수출 허브로!

B&C 측은 에티오피아 공장에서 생산된 KGM 차량을 현지 판매에만 국한하지 않겠다는 야심 찬 계획을 밝혔습니다. 소말리아, 케냐, 우ганда, 르완다, 지부티 등 **동아프리카 주요국으로 수출을 확대**해 에티오피아를 동아프리카의 핵심 거점으로 육성한다는 방침입니다.

KGM 황기영 대표이사 역시 이번 에티오피아 진출을 발판 삼아, 연내 사우디아라비아와 베트남 등에서도 KD 사업을 적극적으로 확대하겠다는 포부를 밝혔습니다. 글로벌 신흥 시장을 타깃으로 판매 물량을 대폭 늘려가겠다는 전략입니다.

### 💡 에디터 총평 및 마무리

그동안 국내 시장과 일부 전통적 수출국에 집중했던 KGM이 아프리카라는 블루오션에 본격적으로 발을 들여놓았습니다. 특히 토레스 EVX와 무쏘 EV 같은 친환경 전기차 모델을 앞세워 글로벌 브랜드들과 당당히 경쟁한다는 점이 매우 고무적입니다. 앞으로 KGM이 써 내려갈 글로벌 질주를 함께 응원해봅니다!

오늘 소식은 여기까지입니다. 더욱 유익하고 알찬 자동차 소식으로 찾아오겠습니다. 감사합니다!

==================================================
🏷️ [추천 검색 태그]
#자동차 #신차출시 #KGM #KG모빌리티 #토레스EVX #무쏘EV #에티오피아KD #해외수출",대기
2026-09-25 13:56:00,오토데일리 (AutoDaily),금감원 계파·친소 인사 경고⋯우리금융 자회사 CEO 선임구조 도마위,https://www.autodaily.co.kr/news/articleView.html?idxno=600706,idx_600706,"1. 금융감독원이 우리금융 등 주요 금융지주를 향해 자회사 CEO 선임 구조의 투명성과 공정성 강화를 강력하게 주문했습니다.
2. 현재 우리금융은 지주 회장이 위원장을 맡은 자추위가 CEO 후보를 직접 추천하고 자회사가 추인하는 구조를 유지하고 있습니다.
3. 연말 12개 계열사 CEO 임기 만료를 앞두고, 금감원의 지적에 따라 지배구조 개편이 이뤄질지 업계의 이목이 집중되고 있습니다.","📌 [블로그 추천 제목 후보 (택 1)]
1. 우리금융 자회사 CEO 선임 구조 도마 위! 금감원 경고의 의미는?
2. 연말 CEO 인사를 앞둔 우리금융, 지배구조 개편의 기로에 서다
3. 금감원 '계파·친소 인사 경고'… 우리금융 자회사 CEO 선임 방식 바뀔까?

📸 [대표 이미지 URL (본문 상단 삽입 권장)]
https://cdn.autodaily.co.kr/news/photo/202609/600706_201299_730.jpg

==================================================

안녕하세요, 자동차와 경제계의 핫한 소식을 발빠르게 전해드리는 에디터입니다! 오늘은 최근 금융가에서 가장 뜨거운 감자로 떠오른 우리금융지주 자회사 CEO 선임 구조와 금융감독원의 경고 소식을 알기 쉽게 정리해 드리겠습니다.

### 🚗 머리에 쏙 들어오는 오늘의 경제 핵심 이슈
최근 금융감독원이 주요 금융지주들의 자회사 최고경영자(CEO) 선임 방식에 대해 작심 발언을 쏟아냈습니다. 특히 우리금융은 연말을 맞아 12개 계열사 CEO의 임기 만료를 앞두고 있어 이번 금감원의 지적이 더욱 뼈아프게 다가오고 있는데요. 과연 어떤 일이 벌어지고 있는지 자세히 살펴보겠습니다.

### 📋 금감원이 지적한 현행 지배구조의 문제점은?
현재 우리금융은 지주 대표이사가 자회사대표이사후보추천위원회(자추위)의 위원장을 맡고 있습니다. 이 위원회가 자회사 CEO 후보를 직접 추천하는 구조인데요.

- 👥 **형식과 실질의 괴리:** 겉보기에는 사외이사가 과반수를 차지하고 있어 투명해 보이지만, 실질적으로는 지주 회장이 위원장을 맡은 자추위가 후보를 결정하고 자회사는 이를 추인하는 관행이 이어져 왔습니다.
- 🎯 **금감원의 칼끝:** 이찬진 금융감독원장은 최근 8개 은행지주 회장들과 만난 자리에서 ""자회사 CEO 선임이 특정 계파나 친소관계가 아닌 능력을 기준으로 이뤄져야 한다""고 강조했습니다.
- 🔍 **권한 분산 요구:** 후보 선정부터 검증, 평가에 이르기까지 지주에 집중된 권한을 분산하고, 자회사 임원후보추천위원회가 실질적인 역할을 할 수 있도록 승계 절차를 전면 정비하라는 주문입니다.

### 🔄 다가오는 연말 인사, 우리금융의 선택은?
올해 초 단행된 우리금융의 인사를 살펴보면, 임기가 끝난 11개 자회사 대표 중 무려 10명이 일괄 유임된 바 있습니다. 당시 우리금융은 양호한 성과와 전략의 연속성, 조직 안정성을 이유로 들었는데요.

- 이번 연말에도 12개 계열사 CEO들의 임기가 만료되면서 기존 방식대로라면 대규모 유임 또는 지주 주도의 인사 관행이 반복될 가능성이 제기됩니다.
- 하지만 금감원이 연일 지배구조의 투명성과 공정성을 압박하고 있는 만큼, 우리금융이 자회사 임추위에 실질적인 후보 추천권을 부여할지 업계의 관심이 집중되고 있습니다.

### 💡 에디터 추천 및 총평
자동차 산업뿐만 아니라 금융 시장 역시 투명하고 공정한 지배구조 확립이 기업의 미래 가치를 결정짓는 중요한 요소입니다. 우리금융이 이번 금감원의 경고를 수용해 지배구조의 실질적 개선을 이뤄낼지, 아니면 기존 관행을 유지할지 앞으로의 행보를 주의 깊게 지켜봐야 할 시점입니다. 

유익한 정보였다면 공감과 댓글 부탁드리며, 다음에도 더 알찬 소식으로 찾아뵙겠습니다!

==================================================
🏷️ [추천 검색 태그]
#경제뉴스 #우리금융 #금융감독원 #CEO선임 #지배구조 #금융지주 #우리금융지주",대기
2026-09-25 13:56:10,오토데일리 (AutoDaily),삼성 반도체 직원 ‘6억원 성과급’ 예고이달 말 산정 방식·지급 기준 공개,https://www.autodaily.co.kr/news/articleView.html?idxno=600704,idx_600704,"1. 삼성전자 초기업노조가 이달 말(9월 마지막 주) DS부문 특별성과급의 자사주 산정 방식과 지급 기준을 공개할 예정입니다.
2. 메모리 반도체 호황 시 기존 OPI를 포함해 DS부문 메모리사업부 직원 1인당 성과급이 최대 6억 원 안팎에 이를 것으로 추산됩니다.
3. 이번에 도입된 특별경영성과급은 세후 금액 전액을 자사주로 지급하며, 장기 성과 연동을 위해 단계별 매각 제한이 적용됩니다.","📌 [블로그 추천 제목 후보 (택 1)]
1. 삼성전자 반도체 직원 성과급 6억 시대? DS 특별성과급 지급 기준 전격 공개
2. 삼성전자 반도체 '6억 성과급' 예고, 산정 방식과 자사주 지급 조건 총정리
3. 역대급 실적에 6억 터지나? 삼성전자 DS부문 특별성과급 논란과 전망

📸 [대표 이미지 URL (본문 상단 삽입 권장)]
https://cdn.autodaily.co.kr/news/photo/202609/600704_201296_268.jpg

==================================================

안녕하세요! 자동차와 경제, 그리고 트렌디한 산업 이슈를 발빠르게 전해드리는 전문 에디터입니다. 오늘은 최근 직장인들과 투자자들 사이에서 엄청난 화제를 모으고 있는 삼성전자의 반도체 부문 소식을 깊이 있게 파헤쳐 보겠습니다.

최근 업계에 따르면 삼성전자 내외부의 뜨거운 관심 속에 DS(부품)부문 직원들이 받을 수 있는 성과급 규모가 눈길을 끌고 있는데요. 무려 **1인당 6억 원 안팎**에 달할 수 있다는 전망이 나오면서 그 배경에 이목이 집중되고 있습니다. 과연 어떤 내용인지 함께 자세히 살펴보실까요?

---

### 💡 9월 마지막 주, 특별성과급 지급 기준 드디어 베일 벗는다

초기업노동조합 삼성전자지부는 최근 조합원들을 대상으로 **DS 특별경영성과급 관련 안내가 이달 말(9월 마지막 주) 진행될 예정**이라고 공지했습니다.

- **공개 내용의 핵심:** 이번 발표는 개인별 최종 통장이 찍히는 금액을 알려주는 자리가 아닙니다. 자사주 산정 방식, 구체적인 지급 기준, 그리고 사업부별 배분 방식 등 복잡한 세부 계산법이 중심이 될 전망입니다.
- **도입 배경:** 지난 5월 임금협상 타결 당시 노사가 새롭게 도입한 보상 제도로, 기존의 초과이익성과금(OPI)은 그대로 두고 별도의 특별성과급을 추가하는 파격적인 방식입니다.

### 💰 6억 원 성과급, 어떻게 계산된 금액일까?

그렇다면 이 엄청난 '6억 원'이라는 숫자는 어떻게 나온 것일까요? 핵심 팩트를 짚어보겠습니다.

- **재원 마련:** 노사 합의에 따라 DS부문 사업 성과의 10.5%가 특별경영성과급 재원으로 활용되며, 지급액 상한선은 없습니다.
- **배분 방식:** 전체 재원의 40%는 DS부문 임직원에게 공통으로 돌아가고, 나머지 60%는 메모리 등 각 사업부의 실적을 반영해 차등 배분됩니다.
- **메모리 사업부의 폭발적 실적:** 올해 메모리 반도체 실적이 급증하면서, 기존 합의 방식을 적용하면 메모리사업부 직원 1인당 특별성과급만 약 5억4000만~5억5000만 원에 이를 것으로 추산됩니다.
- **OPI와의 시너지:** 여기에 연봉 1억 원인 직원이 OPI 최대 한도(5000만 원)까지 받는다고 가정하면, 전체 보상은 **약 6억 원 수준**으로 치솟게 됩니다.

### 🔒 현금이 아닌 '자사주 지급', 그리고 매각 제한

눈여겨볼 점은 이 성과급이 현금으로 바로 입금되지 않는다는 것입니다.

- **자사주 100% 지급:** 세금을 제외한 금액 전액이 삼성전자 '자사주'로 지급됩니다.
- **장기 투자 유도:** 주식의 3분의 1은 즉시 매각이 가능하지만, 나머지 물량은 각각 **1년과 2년 동안 매각이 제한**됩니다. 단기 현금 살포보다는 회사의 주가 부양 및 장기 성과와 임직원의 이해관계를 일치시키려는 전략으로 풀이됩니다.

---

### 📝 에디터 추천 및 총평

이번 삼성전자의 파격적인 특별성과급 제도는 SK하이닉스 등 경쟁사와의 인재 영입 및 이탈 방지 싸움에서 우위를 점하기 위한 강력한 승부수로 해석됩니다. 실적과 보상을 직접 연동함으로써 임직원의 사기를 극대화하는 긍정적인 측면이 큽니다.

다만, 일각에서는 반도체 산업 특유의 극심한 사이클 속에서 향후 실적 하락 시 거대한 인건비 부담이 기업의 발목을 잡을 수 있다는 우려의 목소리도 존재합니다. 과연 이달 말 공개될 세부 기준이 삼성전자 임직원들과 시장에 어떤 파장을 불러일으킬지, 앞으로의 행보를 계속해서 주목해봐야겠습니다.

오늘 준비한 소식은 여기까지입니다. 유익하셨다면 구독과 공감 부탁드리며, 다음에도 더 알차고 흥미로운 산업 소식으로 찾아뵙겠습니다. 감사합니다!

==================================================
🏷️ [추천 검색 태그]
#자동차 #신차출시 #삼성전자 #반도체성과급 #DS부문 #초기업노조 #자사주지급",대기
2026-09-25 13:56:20,오토데일리 (AutoDaily),"토요다 아키오, 美 자동차 명예의 전당 헌액⋯토요다家 3대째",https://www.autodaily.co.kr/news/articleView.html?idxno=600699,idx_600699,"1. 토요다 아키오 도요타 회장이 미국 자동차 명예의 전당에 헌액되며, 토요타 가문에서 3대째 헌액되는 영예를 안았습니다.
2. 취임 초기 대규모 리콜 위기를 극복하고, '모리조'라는 이름으로 직접 모터스포츠에 뛰어들며 '더 이상 지루한 차는 없다'는 철학을 실현한 점이 높게 평가받았습니다.
3. 52세의 나이에 마스터 드라이버 훈련을 시작하는 등 자동차 본질에 집중해온 그의 경영 행보와 철학이 글로벌 업계의 인정을 받았습니다.","📌 [블로그 추천 제목 후보 (택 1)]
1. 토요다 아키오 회장, 美 자동차 명예의 전당 헌액! 토요타家 3대째 영예 안은 비결은?
2. 리콜 위기에서 세계 1위가 되기까지: 토요다 아키오 도요타 회장 명예의 전당 헌액 총정리
3. ""더 이상 지루한 차는 없다"" 52세에 드라이버가 된 CEO, 토요다 아키오의 모든 것

📸 [대표 이미지 URL (본문 상단 삽입 권장)]
https://cdn.autodaily.co.kr/news/photo/202609/600699_201282_922.jpg

==================================================

안녕하세요, 자동차를 사랑하는 에디터입니다! 🚗 오늘은 글로벌 자동차 업계에서 아주 의미 있는 소식을 들고 왔습니다. 바로 도요타를 이끌고 있는 **토요다 아키오 회장이 미국 자동차 명예의 전당(Automotive Hall of Fame)에 헌액**되었다는 소식인데요! 창업가 가문에서 무려 3대째 이 상을 받게 되었다고 합니다. 과연 그가 어떤 업적을 세웠고, 업계에서 왜 이토록 극찬을 받는지 자세히 살펴보겠습니다.

---

### 🏆 2026 자동차 명예의 전당에 이름 올린 토요다 아키오
미국 미시간주 디트로이트에서 열린 헌액식에는 완성차 및 모터스포츠 관계자 700여 명이 참석해 자리를 빛냈습니다. 토요다 회장은 이번에 선정된 4명의 헌액자 중 한 명으로 당당히 이름을 올렸는데요. 단순히 창업가 집안이라는 후광뿐만 아니라, 그가 직접 써 내려간 경영 철학과 위기 극복 과정이 전 세계 전문가들의 마음을 사로잡았습니다.

- **주요 헌액 이유:** 2010년 대규모 리콜 위기 정면 돌파, '마스터 드라이버' 활동, 모터스포츠를 통한 차량 개발 참여
- **세계적 거물들과 어깨를 나란히:** 헨리 포드, 페르디난트 포르쉐, 아일톤 세나 등 자동차 역사에 굵직한 발자취를 남긴 인물들과 함께 명예의 전당에 등극!

### 📉 위기를 기회로: ""더 이상 지루한 차는 없다""
글로벌 금융위기 직후 사장직에 오른 토요다 회장의 앞날은 꽃길이 아니었습니다. 대규모 리콜 사태라는 거대한 시험대를 마주해야 했죠. 하지만 그는 책임을 회피하지 않고 미국 의회 청문회에 직접 출석해 정면 돌파를 선택했습니다. 

이후 그는 도요타의 방향성을 완전히 뒤바꾸는 선언을 하게 됩니다.
- **""No more boring cars (더 이상 지루한 차는 없다)""**
- 렉서스 LFA, LC, GR86, 수프라, 야리스 등 운전의 재미를 주는 다이내믹한 차량들을 대거 선보이며 브랜드 체질 개선에 성공했습니다.

### 🏎️ 52세에 레이싱 수트를 입은 CEO, '모리조'
토요다 회장이 특별한 이유는 단순히 책상머리에 앉아 결재만 하는 경영자가 아니었기 때문입니다. 그는 엔지니어들에게 더 좋은 차를 만들어 달라고 요구하는 대신, 직접 운전대를 잡았습니다.

- **마스터 드라이버 훈련:** 52세라는 다소 늦은 나이에 직접 드라이빙 훈련을 시작
- **'모리조(Morizo)'라는 가명:** 모터스포츠 무대에 직접 뛰어들어 극한의 상황에서 차를 온몸으로 느끼고, 그 피드백을 엔지니어들에게 정확하게 전달
- 헌액식 이틀 전에도 오프로드 차량을 몰다 경미한 부상을 입었을 정도로 차에 대한 열정이 남다르다는 후문입니다! (물론 ""차는 괜찮다""는 유머러스한 일화도 남겼죠.)

---

### 🎯 에디터의 추천 및 총평
이번 토요다 아키오 회장의 명예의 전당 헌액은 단순한 개인의 영광을 넘어, 자동차라는 모빌리티가 인간에게 주는 '본질적인 즐거움'을 지키기 위해 노력해 온 시간에 대한 찬사라고 느껴집니다. 

수많은 자동차 브랜드들이 효율성과 디지털화에만 집중할 때, 직접 서킷을 달리며 운전의 맛을 고민하는 CEO가 있다는 것은 자동차 매니아들에게도 아주 반가운 일이 아닐 수 없습니다. 앞으로 도요타와 가주 레이싱(GR)이 만들어낼 '지루하지 않은 자동차'들이 더욱 기대되는 이유입니다!

재미있게 읽으셨다면 공감과 댓글 부탁드리며, 다음에도 알찬 자동차 소식으로 찾아오겠습니다!

==================================================
🏷️ [추천 검색 태그]
#자동차 #신차출시 #도요타 #토요다아키오 #자동차명예의전당 #도요타그라주 #자동차뉴스 #수프라GR86",대기
2026-09-25 13:56:29,오토데일리 (AutoDaily),벤츠 “독일 생산 경쟁력 없다?”⋯비용 절감 실패 땐 공장 2곳 폐쇄 경고,https://www.autodaily.co.kr/news/articleView.html?idxno=600703,idx_600703,"1. 메르세데스-벤츠가 독일 내 높은 생산 비용과 인건비로 인해 현지 공장 2곳(조립·파워트레인 각 1곳)의 폐쇄 가능성을 경고했습니다.
2. 중국 전기차의 공세와 미국 수입관세 우려 속에서 생산성 개선을 위한 근로조건 개혁과 비용 절감을 강력히 요구하고 있습니다.
3. 이에 대해 노동계는 강하게 반발하고 있어 향후 노사 간의 치열한 협상과 갈등이 예고되고 있습니다.","📌 [블로그 추천 제목 후보 (택 1)]
1. 벤츠 공장 폐쇄 위기? 독일 생산의 몰락과 메르세데스-벤츠의 경고 🚨
2. 독일 생산 경쟁력 비상! 벤츠, 비용 절감 실패 시 공장 2곳 닫을 수도
3. 중국 전기차 공세에 벤츠마저 흔들림? 독일 자동차 산업 구조조정 위기 살펴보기

📸 [대표 이미지 URL (본문 상단 삽입 권장)]
https://cdn.autodaily.co.kr/news/photo/202609/600703_201295_167.jpg

==================================================

안녕하세요, 자동차 전문 에디터입니다! 🚗

최근 글로벌 완성차 업계가 전기차 캐즘(일시적 수요 둔화)과 치열한 가격 경쟁으로 몸살을 앓고 있는데요. 이번에 럭셔리 브랜드의 대명사인 메르세데스-벤츠마저 충격적인 경고를 던졌습니다. 바로 **'독일 내 공장 폐쇄 가능성'**인데요. 자세한 소식 함께 살펴보겠습니다!

---

### 🏭 벤츠가 내놓은 충격적인 경고, 무슨 일인가요?

메르세데스-벤츠 생산 총괄인 미하엘 쉬베는 최근 111년 역사를 자랑하는 독일 진델핑겐 공장에서 직원들과 만난 자리에서 뼈아픈 현실을 지적했습니다. 

- **독일 생산의 위기:** 높은 인건비와 생산 비용으로 인해 국제적인 경쟁력을 점차 잃어버렸다는 판단입니다.
- **공장 폐쇄 가능성:** 구체적인 사업장은 밝히지 않았으나, 비용 절감 프로그램이 실패할 경우 **조립공장 1곳과 파워트레인 공장 1곳을 폐쇄**할 수 있다고 경고했습니다.
- **경영진의 입장:** 독일 내 생산시설과 일자리를 지키는 것이 최우선이지만, 이를 위해서는 반드시 근로조건 개혁을 포함한 대수술이 필요하다는 입장입니다.

### ⚡ 벼랑 끝에 몰린 독일 자동차 산업

벤츠가 이토록 강경한 입장을 취하는 이유는 명확합니다. 현재 독일 자동차 업계는 삼중고에 시달리고 있죠.

1. **중국 전기차의 거센 추격:** 가격 경쟁력을 앞세운 중국산 전기차들이 글로벌 시장을 압박하고 있습니다.
2. **높은 현지 고정 비용:** 타국에 비해 지나치게 높은 독일의 생산 비용과 인건비는 수익성을 갉아먹는 주원인입니다.
3. **글로벌 무역 불확실성:** 미국의 수입관세 확대 가능성 등 외부 변수까지 겹치며 비상등이 켜졌습니다.

### ✊ 노동계의 거센 반발, 향후 전망은?

물론 벤츠의 이러한 압박에 노동계는 즉각적으로 반발하고 나섰습니다. 메르세데스-벤츠 총노사협의회는 **""공장 폐쇄를 위협하는 것은 해법이 아니며, 단호하게 저항하겠다""**고 선언했습니다. 이미 독일 금속노조를 중심으로 수만 명의 근로자가 대규모 감원에 반대하는 시위에 나서는 등 노사 간의 긴장감이 최고조에 달한 상황입니다.

---

### 💡 에디터 추천 총평

이번 사태는 비단 벤츠만의 문제가 아닙니다. 전통적인 자동차 강국인 독일의 생산 인프라가 글로벌 경쟁력 약화와 고비용 구조라는 벽에 부딪혔음을 보여주는 상징적인 사건인데요. 앞으로 경영진과 노사협의회가 어떤 합의안을 도출해 내느냐에 따라 향후 벤츠의 글로벌 생산 전략과 전동화 전환 속도에도 큰 지장이 생길 것으로 보입니다. 과연 벤츠가 노사 갈등을 원만히 해결하고 돌파구를 찾을 수 있을지 계속해서 주목해봐야겠습니다!

오늘 소식은 여기까지입니다. 더욱 유익한 자동차 소식으로 찾아뵙겠습니다. 감사합니다! 😊

==================================================
🏷️ [추천 검색 태그]
#자동차 #신차출시 #메르세데스벤츠 #벤츠공장폐쇄 #독일자동차 #전기차경쟁 #자동차산업",대기
2026-09-25 13:56:38,오토데일리 (AutoDaily),리프모터 ‘B03X’ 유럽 공략…2만4900유로부터·최대 382km,https://www.autodaily.co.kr/news/articleView.html?idxno=600687,idx_600687,"1. 중국 전기차 리프모터가 유럽 소형 전기차 시장을 겨냥한 B세그먼트 크로스오버 'B03X'의 판매를 시작했습니다.
2. 유럽 판매가는 2만 4,900유로(약 3,700만 원대)부터 시작하며, 1회 충전 시 WLTP 기준 최대 382km를 주행할 수 있습니다.
3. 넉넉한 실내 공간과 21개의 ADAS 등 뛰어난 가성비로 무장해 도심형 전기차 시장의 새로운 다크호스로 떠오르고 있습니다.","📌 [블로그 추천 제목 후보 (택 1)]
1. 유럽 발칵 뒤집은 가성비 전기차? 리프모터 B03X 가격과 제원 총정리
2. 3천만 원대 콤팩트 전기차의 등장! 리프모터 B03X 유럽 공략 시작
3. 소형차 맞아? 공간 맛집 전기차 리프모터 B03X 스펙 및 출시 정보

📸 [대표 이미지 URL (본문 상단 삽입 권장)]
https://cdn.autodaily.co.kr/news/photo/202609/600687_201235_1116.jpg

==================================================

안녕하세요! 자동차 전문 에디터입니다. 최근 글로벌 전기차 시장에서 가장 뜨거운 감자는 단연 '가성비'와 '실용성'을 모두 잡은 소형 전기차인데요. 중국의 전기차업체 리프모터(Leapmotor)가 유럽 소형 전기차 시장을 조준한 새로운 무기를 꺼내 들었습니다. 바로 B세그먼트 크로스오버 **'B03X'**인데요, 과연 어떤 매력을 품고 나왔는지 자세히 살펴보겠습니다!

---

### 🚗 1. 부담 없는 가격과 알찬 주행거리
리프모터 B03X의 유럽 판매 가격은 **2만 4,900유로**부터 시작합니다. 최근 비싼 전기차 가격에 지친 소비자들에게 아주 반가운 금액인데요.

배터리 용량은 두 가지로 나뉩니다.
- **39.8kWh LFP 배터리 모델**: 130kW(176마력) 모터 조합, WLTP 기준 최대 **292km** 주행
- **53.0kWh 배터리 모델**: 145kW(197마력) 모터 조합, WLTP 기준 최대 **382km** 주행

두 모델 모두 최고속도 시속 160km, 제로백 8.6초로 도심과 고속도로 주행에서 전혀 부족함 없는 성능을 보여줍니다. 특히 2.5C 급속충전을 지원해 배터리 잔량 30%에서 80%까지 채우는 데 단 16분밖에 걸리지 않는다는 점도 큰 장점입니다.

### 📦 2. 소형차 맞어? 감탄 나오는 공간 활용성
B03X는 도심 주행에 최적화된 컴팩트한 차체(전장 4,270mm, 휠베이스 2,605mm)를 가졌지만, 실내 공간은 체급을 뛰어넘습니다.

- **기본 트렁크 용량 510ℓ**에 트렁크 바닥 아래 **105ℓ 방수 수납함** 추가!
- 뒷좌석을 접으면 최대 **1,605ℓ(적재 길이 2,530mm)**까지 확장 가능
- 실내 곳곳에 숨겨진 수납공간만 무려 **33곳**

이 정도면 캠핑이나 차박까지는 아니더라도, 대형마트 쇼핑이나 레저 활동용으로 쓰기에 훌륭한 수준입니다.

### 💻 3. 첨단 디지털 사양과 탄탄한 안전 기능
실내에는 14.6인치 대화면 중앙 터치스크린과 8.8인치 디지털 계기판이 자리 잡고 있습니다. 퀄컴 스냅드래곤 8155 프로세서와 'Leap OS 4.0 Plus'를 탑재해 무선 애플 카플레이, 안드로이드 오토, 무선 업데이트(OTA) 등을 매끄럽게 지원합니다.

또한 차량 주변의 14개 센서와 카메라를 통해 **21개의 첨단운전자보조시스템(ADAS)**을 기본 제공합니다. 레벨2 주행보조, 교통정체보조, 운전자 피로 모니터링 등 안전 사양도 꽉 채워 넣었네요.

---

### 🎯 에디터 추천 및 총평
리프모터 B03X는 출퇴근용 도심형 전기차를 찾는 소비자나 첫 차로 전기차를 고민하는 분들에게 안성맞춤인 모델입니다. 특히 합리적인 가격대에 넓은 실내 공간, 그리고 빠지지 않는 첨단 편의·안전 사양까지 갖추어 가성비 파괴자로서의 면모를 유감없이 보여주고 있습니다.

국내 시장에도 이와 같은 가격 경쟁력을 갖춘 소형 전기차가 더 많이 들어온다면 소비자들의 선택지가 훨씬 넓어질 텐데요, 앞으로 리프모터의 글로벌 행보가 더욱 주목되는 이유입니다. 오늘 준비한 소식은 여기까지이며, 다음에도 더 유익한 신차 소식으로 찾아오겠습니다!

==================================================
🏷️ [추천 검색 태그]
#자동차 #신차출시 #리프모터 #B03X #전기차 #소형SUV #수입전기차 #가성비전기차",대기
2026-09-25 13:56:49,구글 뉴스 - 자동차 토픽,"6.6리터 V8 엔진 탑재, 6세대 'GMC 시에라 1500' 상세 사양 공개 - 오토뷰",https://news.google.com/rss/articles/CBMiXEFVX3lxTE13NTlZRUxMeWVxVHpnSS1uaEg5anYtTUpLSlN4cUNFcFpjdmgxTFZSNlgwcXhvUUh0Q3oyUy0wQnJHUTk1S25oa0paSWJWYjRIMGowZGpTc2ZMeUx0?oc=5,news_99a913e2be04,"1. GM이 6세대 GMC 시е라 1500의 상세 사양을 공개하며 V8 엔진과 디젤 라인업을 강조했습니다.
2. 하이브리드 중심의 경쟁사들과 달리 대배기량 엔진을 지속 채택하며 아메리칸 픽업트럭의 낭만을 살렸습니다.
3. 시트 폭을 26mm 넓히고 거대한 디스플레이를 탑재하는 등 상품성도 대폭 개선되었습니다.","📌 [블로그 추천 제목 후보 (택 1)]
1. “포드 긴장해라!” 6.6리터 V8 엔진 품고 돌아온 신형 GMC 시에라 1500
2. 전기차 시대에 역주행? GM이 초대형 디젤·V8 엔진을 버리지 않는 진짜 이유
3. 픽업트럭의 낭만이 돌아왔다! 6세대 GMC 시에라 1500 상세 스펙 및 특징 총정리

📸 [대표 이미지 URL (본문 상단 삽입 권장)]
https://lh3.googleusercontent.com/J6_coFbogxhRI9iM864NL_liGXvsQp2AupsKei7z0cNNfDvGUmWUy20nuUhkREQyrpY4bEeIBuc=s0-w300-rw

==================================================

안녕하세요! 자동차 전문 에디터입니다. 최근 자동차 시장은 전동화와 하이브리드 바람이 거세게 불고 있죠? 하지만 오늘 소개해 드릴 소식은 정반대의 묵직한 매력을 담고 있습니다. 바로 아메리칸 정통 픽업트럭의 상징, **6세대 GMC 시에라 1500**의 상세 사양 공개 소식입니다!

전기차와 하이브리드가 대세인 요즘 시대에 GM이 왜 V8 대배기량 엔진과 디젤을 고집하는지, 그리고 이번 신형 모델은 어떤 매력을 품고 돌아왔는지 지금 바로 자세히 살펴보겠습니다.

### 🚀 1. 심장을 울리는 파워트레인: 6.6리터 V8 & 디젤의 명맥
최근 자동차 업계 트렌드와는 다르게, GM은 차세대 픽업트럭에 디젤 엔진과 대배기량 내연기관을 지속해서 채택하고 있습니다. 
- **강력한 퍼포먼스:** 이번 6세대 모델은 강력한 6.6리터 V8 엔진을 탑재해 묵직한 토크와 압도적인 견인력을 자랑합니다.
- **경쟁사와의 차별화:** 하이브리드 및 전동화 중심인 경쟁 브랜드들과는 차별화된 노선을 걸으며, 순수 내연기관 픽업트럭 특유의 묵직한 감성과 실용성을 모두 잡겠다는 전략입니다.

### 🛋️ 2. 거주성과 편의성 대폭 개선 (실내 공간 분석)
엔진만 고집한다고 옛날 감성 그대로일까요? 절대 아닙니다. 실내는 최신 트렌드를 완벽하게 반영했습니다.
- **더 넓어진 시트:** 쉐보레 실버라도 2027년형과 마찬가지로 GMC 시에라 역시 **시트 폭을 26mm 확장**하여 장거리 운전 시에도 훨씬 여유롭고 안락한 착좌감을 제공합니다.
- **하이테크 콕핏:** 거대한 디지털 스크린이 탑재되어 시인성을 높이고, 다양한 첨단 인포테인먼트 기능을 직관적으로 조작할 수 있게 되었습니다.

### 🎯 3. 어떤 소비자에게 추천할까? (에디터의 구매 가이드)
- **진정한 아메리칸 픽업의 감성을 원하시는 분:** 조용한 하이브리드나 전기차에서는 느낄 수 없는 V8 엔진의 배기음과 감성을 사랑하시는 분들에게 최고의 선택입니다.
- **강력한 견인력과 터프한 작업 능력이 필요한 분:** 캠핑, 카라반 견인, 오프로드 주행 등 헤비 듀티한 라이프스타일을 즐기는 오너들에게 안성맞춤입니다.

### 💡 에디터 총평
모든 브랜드가 전동화로 빠르게 달려갈 때, 내연기관의 낭만을 지키면서도 상품성을 극적으로 끌어올린 GMC의 행보는 오히려 파격적으로 다가옵니다. 픽업트럭 본연의 아이덴티티를 잃지 않으면서도 탑승객의 편의성을 놓치지 않은 6세대 GMC 시에라 1500! 도로 위에서 마주할 그 웅장한 존재감이 벌써부터 기대되는 모델입니다.

오늘 준비한 소식은 여기까지입니다. 다음에도 더 뜨겁고 유익한 자동차 소식으로 찾아뵙겠습니다. 감사합니다!

==================================================
🏷️ [추천 검색 태그]
#자동차 #신차출시 #GMC시에라1500 #픽업트럭 #V8엔진 #아메리칸픽업 #GM",대기
2026-09-25 13:56:58,구글 뉴스 - 자동차 토픽,"현대차, 디 올 뉴 투싼 최초 공개 | 뉴스 | 현대자동차그룹 - Hyundai Motor Group",https://news.google.com/rss/articles/CBMijAFBVV95cUxPNzl2NHNHZ2hwTFNiN0MzcGg4OGRwdG1hX2JjVHpxaF9aX1JmS3JRc29wWkp3THJ4RHNpTGZNYWltTllkVUNuVVBaTnRtbGVGQ3RuZUJFMEZVUktsYUFRLWF6a1RXMExpbXBvSzU2NEF5bGlZWkptRDJUNG45N3pGZE02UHlOeGprX0RhVg?oc=5,news_bec012f8f232,"1. 현대자동차가 국민 준중형 SUV '디 올 뉴 투싼'을 6년 만에 5세대 풀체인지 모델로 최초 공개했습니다.
2. 한층 더 강인해진 오프로드 감성의 디자인과 최첨단 편의사양을 탑재해 상품성을 극대화했습니다.
3. 동급 최강 라이벌인 기아 스포티지를 겨냥해 준중형 SUV 시장의 판도를 바꿀지 큰 기대를 모으고 있습니다.","📌 [블로그 추천 제목 후보 (택 1)]
1. 기아 스포티지 비켜라! 6년 만에 칼 갈고 나온 '신형 투싼' 완전 분석
2. 현대차 디 올 뉴 투싼 5세대 풀체인지 공개, 오프로드 감성 더한 디자인과 특징은?
3. 국민 준중형 SUV의 귀환! 신형 투싼 가격과 출시일, 그리고 구매 가치 총정리

📸 [대표 이미지 URL (본문 상단 삽입 권장)]
https://lh3.googleusercontent.com/J6_coFbogxhRI9iM864NL_liGXvsQp2AupsKei7z0cNNfDvGUmWUy20nuUhkREQyrpY4bEeIBuc=s0-w300-rw

==================================================

안녕하세요 여러분! 자동차 전문 에디터입니다. 오늘은 국내 준중형 SUV 시장에서 절대적인 존재감을 자랑하는 차량의 소식을 들고 왔습니다. 바로 현대자동차의 **'디 올 뉴 투싼'**인데요! 무려 6년 만에 5세대 풀체인지 모델로 돌아와 벌써부터 뜨거운 관심을 받고 있습니다. 

과연 이번 신형 투싼은 어떤 매력을 품고 우리 곁을 찾아왔는지, 디자인부터 특징까지 꼼꼼하게 파헤쳐 보겠습니다.

---

### 🚙 6년 만의 파격적인 변신, 5세대 투싼의 디자인
이번에 공개된 디 올 뉴 투싼은 기존 모델의 틀을 깨고 한층 더 강인하고 역동적인 스타일로 진화했습니다.

- **오프로드 감성 추가:** 도심형 SUV의 세련미에 터프한 오프로드 감성을 절묘하게 녹여내어 존재감을 확실히 키웠습니다.
- **웅장한 전면부:** 현대차 고유의 최신 디자인 철학이 반영된 그릴과 램프 디자인으로 시선을 단번에 사로잡습니다.
- **공간 극대화:** 준중형 SUV라고는 믿기지 않을 정도로 넉넉한 실내 공간과 트렁크 용량을 확보해 패밀리카로도 손색이 없습니다.

### ⚔️ 숙명의 라이벌, 기아 스포티지를 잡을 수 있을까?
국내 준중형 SUV 시장은 언제나 투싼과 스포티지의 치열한 2파전이었습니다. 이번 5세대 투싼은 '이번엔 반드시 동급 1위 스포티지를 잡겠다'는 각오로 모든 면에서 상품성을 갈고닦았다고 합니다.

- 최신 커넥티비티 서비스 및 첨단 운전자 보조 시스템(ADAS) 기본 탑재
- 정숙성과 주행 안정성을 대폭 개선한 파워트레인
- 운전자 중심의 직관적인 레이아웃을 갖춘 실내 인테리어

소비자 입장에서는 두 차종의 경쟁이 치열해질수록 더욱 완성도 높은 선택지를 고를 수 있게 되어 즐거운 비명을 지르게 됩니다.

---

### 💡 에디터 추천 및 총평
이번 디 올 뉴 투싼은 단순한 연식 변경이 아닌, 6년 만에 칼을 갈고 나온 완전변경 모델인 만큼 기대 이상의 완성도를 보여주고 있습니다. 

- **이런 분께 추천합니다:** 첫 차를 고민하는 사회초년생, 어린 자녀를 둔 3인가구 패밀리카 유저, 캠핑과 차박 등 레저를 사랑하는 오프로드 감성파!

앞으로 공개될 정확한 트림별 가격과 세부 제원이 가성비를 얼마나 충족시켜 주느냐가 최종 성패를 가를 것으로 보입니다. 앞으로도 투싼과 관련된 가장 빠른 소식을 전달해 드릴 테니 블로그 자주 찾아주세요!

==================================================
🏷️ [추천 검색 태그]
#자동차 #신차출시 #투싼 #디올뉴투싼 #현대자동차 #준중형SUV #스포티지",대기
2026-09-25 13:57:08,구글 뉴스 - 자동차 토픽,고속도로에 차량 번호판 인식 카메라 - 캐나다 한국일보,https://news.google.com/rss/articles/CBMiYEFVX3lxTE5jV1JoVmxKWmUzSlV4a2JxazdIdG5HQjI2STZJTloxN1VnaGJfVlh2bEFDN21FQm9fTkVMZEV4c3pkdkM1ZnJBak5nMFFMX2FlQUlQdFdrZGUwbTJzR0FvXw?oc=5,news_36396e029ff4,"1. 캐나다 고속도로에 첨단 차량 번호판 인식(ALPR) 카메라가 전면 도입되어 단속이 강화됩니다.
2. 과속, 난폭운전뿐만 아니라 차량 등록 여부, 보험 가입 상태까지 실시간으로 자동 조회할 수 있습니다.
3. 운전자들에게는 교통안전 증대라는 긍정적 효과가 기대되지만, 사생활 침해 우려의 목소리도 함께 나오고 있습니다.","📌 [블로그 추천 제목 후보 (택 1)]
1. 캐나다 고속도로에 등장한 '이것'? 지나치기만 해도 내 차 정보가 털린다?
2. 캐나다 고속도로 차량 번호판 인식 카메라 도입! 운전자들이 꼭 알아야 할 실시간 단속 정보
3. 속도위반부터 보험까지 다 잡는다! 신형 고속도로 번호판 인식 카메라 도입 총정리

📸 [대표 이미지 URL (본문 상단 삽입 권장)]
https://lh3.googleusercontent.com/J6_coFbogxhRI9iM864NL_liGXvsQp2AupsKei7z0cNNfDvGUmWUy20nuUhkREQyrpY4bEeIBuc=s0-w300-rw

==================================================

안녕하세요, 여러분의 든든한 자동차 전문 에디터입니다! 🚗 운전을 하다 보면 늘 긴장하게 되는 순간이 있죠? 바로 과속 단속 카메라 앞을 지날 때인데요. 국내뿐만 아니라 해외에서도 운전자들의 간을 서늘하게 만드는 새로운 단속 시스템이 도입되어 화제입니다.

오늘 전해드릴 소식은 바로 **캐나다 고속도로에 전면 도입된 '차량 번호판 인식(ALPR) 카메라'** 이야기입니다. 과연 어떤 기능으로 운전자들을 긴장시키고 있는지, 지금부터 자세히 살펴보겠습니다!

---

### 🔍 눈보다 빠른 감시자, ALPR 카메라란?
이번에 캐나다 고속도로 곳곳에 설치되기 시작한 '차량 번호판 인식(ALPR, Automatic License Plate Recognition) 카메라'는 단순한 과속 단속 카메라 그 이상입니다.

- **실시간 자동 조회:** 카메라가 고속으로 주행하는 차량의 번호판을 순식간에 스캔하여 경찰 데이터베이스와 실시간으로 대조합니다.
- **다양한 단속 범위:** 단순 속도위반뿐만 아니라 🛑 차량 등록 만료, 📄 무보험 운전, 🚨 도난 차량 및 수배 차량까지 한 번에 걸러낼 수 있습니다.

경찰관이 직접 차량을 세우고 조회하지 않아도, 시스템이 알아서 문제 차량을 선별해내는 방식이죠. 단속의 효율성이 그야말로 수십 배는 업그레이드되었다고 볼 수 있습니다.

### 💡 운전자들에게 미치는 영향과 엇갈리는 반응
그렇다면 이 첨단 카메라의 도입을 바라보는 시선은 어떨까요? 찬반 양론이 꽤 뜨겁습니다.

- 👍 **긍정적 측면:** 도로 위 무법자들(무보험 차량, 난폭 운전자, 수배자 등)을 사전에 걸러낼 수 있어 **전반적인 교통안전 수준이 획기적으로 향상**될 것으로 기대됩니다. 법을 잘 지키는 선량한 운전자들에게는 오히려 안전한 주행 환경이 조성되는 셈이죠.
- 👎 **우려되는 측면:** 일각에서는 모든 차량의 이동 경로와 정보가 실시간으로 수집·저장되는 것에 대해 **'사생활 침해' 및 '과도한 감시'**가 아니냐는 목소리를 높이고 있습니다.

기술의 발전이 주는 편리함과 안전 뒤에는 언제나 개인정보 보호라는 숙제가 따르는 법인 것 같습니다.

---

### 👨‍💻 에디터 추천 및 총평
이번 캐나다의 고속도로 번호판 인식 카메라 도입은 전 세계 교통 단속 시스템이 얼마나 스마트하게 진화하고 있는지 보여주는 좋은 사례입니다. 이제는 단순히 '속도만 줄이는 것'이 아니라, 차량의 서류 상태와 법규 준수 여부까지 완벽하게 챙겨야 하는 시대가 왔습니다.

해외 운전 연수를 계획하시거나 캐나다 방문을 앞두신 분들이라면, 차량 정비와 서류 갱신을 더욱 철저히 하셔야겠습니다. 앞으로 국내 고속도로에도 이러한 첨단 시스템이 더욱 확대될지 귀추가 주목됩니다. 

오늘의 자동차 소식이 유익하셨다면 공감과 이웃 추가 부탁드립니다! 안전운전하세요! 🛣️✨

==================================================
🏷️ [추천 검색 태그]
#자동차 #해외자동차뉴스 #캐나다교통 #번호판인식카메라 #ALPR #교통단속 #자동차안전",대기
2026-09-25 13:57:19,구글 뉴스 - 자동차 토픽,"테슬라 모델3, 주행 중 브레이크 먹통∙∙∙저전압 배터리의 사각지대 - creditnews.kr",https://news.google.com/rss/articles/CBMia0FVX3lxTE1tenZlNUVQY25kZUMxVkpsVVBZVkhHbGdDLWM4YVQ1Qk5KTE82R203NDRvOG9aS3NubWMzWU5KelJQVUc3NERoYThoUGRwRjN4bHdrTzBWWFpPTjI4TTBiTDk1MHJobU1OX0kw?oc=5,news_20936c0662bf,"1. 테슬라 모델3 차량에서 주행 중 브레이크가 먹통이 되는 치명적인 결함 이슈가 제기되었습니다.
2. 원인은 저전압 배터리의 관리 소홀 및 시스템 사각지대로 밝혀지며 오너들의 불안감이 커지고 있습니다.
3. 전기차 시대의 숨은 복병인 보조 배터리 관리의 중요성과 제조사의 신속한 대책 마련이 시급한 상황입니다.","📌 [블로그 추천 제목 후보 (택 1)]
1. 테슬라 모델3 브레이크 먹통 충격! 저전압 배터리의 숨겨진 사각지대 파헤치기
2. 테슬라 모델3 결함 논란, 주행 중 브레이크 불능 원인과 대처법
3. 전기차 오너라면 꼭 봐야 할 뉴스! 모델3 저전압 배터리 문제점 총정리

📸 [대표 이미지 URL (본문 상단 삽입 권장)]
https://lh3.googleusercontent.com/J6_coFbogxhRI9iM864NL_liGXvsQp2AupsKei7z0cNNfDvGUmWUy20nuUhkREQyrpY4bEeIBuc=s0-w300-rw

==================================================

안녕하세요, 여러분의 스마트한 자동차 라이프를 책임지는 에디터입니다! 🚗💨

최근 전기차 시장의 아이콘이라 불리는 테슬라와 관련해 간골 오너들을 깜짝 놀라게 할 만한 뉴스 소식이 들려왔습니다. 바로 전 세계 수많은 팬층을 보유한 **테슬라 모델3**에서 주행 중 브레이크가 먹통이 되는 아찔한 상황이 발생했다는 것인데요. 

단순한 소프트웨어 오류가 아닌, '저전압 배터리'의 사각지대가 원인으로 지목되면서 큰 파장이 일고 있습니다. 오늘 포스팅에서는 이번 이슈의 핵심 내용과 전기차 오너들이 알아야 할 점들을 꼼꼼히 짚어보겠습니다.

---

### ⚡ 주행 중 브레이크 먹통? 도대체 무슨 일이...

자동차에게 있어 가장 중요한 성능은 무엇일까요? 바로 '잘 달리는 것'만큼이나 중요한 **'잘 멈추는 것'**입니다. 그런데 가속 페달을 밟으며 부드럽게 주행해야 할 테슬라 모델3가 갑작스럽게 브레이크가 작동하지 않는 먹통 현상을 겪었다고 합니다.

- 🛑 **치명적인 안전 위협:** 제동 장치는 운전자의 생명과 직결되는 최후의 보루인데, 이것이 말을 듣지 않는다면 상상만 해도 끔찍한 상황입니다.
- 🔍 **원인의 중심, 저전압 배터리:** 이번 문제의 주범은 고전압 메인 배터리가 아닌, 차량 전장 부품을 제어하는 **'저전압 배터리'** 시스템의 사각지대로 밝혀졌습니다.

### 🔋 전기차의 숨은 복병, 저전압 배터리란?

많은 분들이 전기차라고 하면 하단에 깔린 커다란 메인 배터리만 생각하시기 쉽습니다. 하지만 테슬라를 포함한 현대의 전기차들도 내연기관차처럼 차량 내부의 컴퓨터, 디스플레이, 그리고 각종 제동 및 조향 보조 장치를 구동하기 위해 별도의 12V 저전압 배터리를 함께 사용하고 있습니다.

- 문제인즉슨, 이 저전압 배터리가 수명이 다하거나 관리 시스템(BMS)에서 제대로 상태를 감지하지 못할 경우, 주요 제어 시스템이 순식간에 마비될 수 있다는 점입니다.
- 첨단 기능으로 무장한 전기차일수록 전력 공급에 차질이 생기면 예상치 못한 시스템 오류로 이어질 수 있어 더욱 꼼꼼한 관리가 필요합니다.

### 💡 에디터의 추천 및 총평

테슬라는 그동안 무선 업데이트(OTA)를 통해 수많은 버그를 잡고 차량 성능을 개선해 왔습니다. 하지만 이번 '브레이크 먹통' 이슈는 소프트웨어를 넘어 하드웨어 및 전력 공급 체계의 근본적인 안전 점검이 필요하다는 것을 명확히 보여주고 있습니다.

- **소비자 관점 제언:** 모델3를 운행 중이신 오너분들이라면 계기판이나 앱을 통해 차량의 전장 상태를 자주 확인하시고, 제조사의 공식 리콜이나 무상 수리 공지가 올라올 경우 절대 미루지 말고 서비스 센터를 방문하시길 권장합니다.
- **마무리:** 전기차 시대로의 전환은 피할 수 없지만, 그만큼 '안전'에 대한 기준도 더욱 엄격해져야 합니다. 테슬라가 이번 사태를 계기로 더욱 신뢰받는 브랜드로 거듭날 수 있을지 귀추가 주목됩니다.

오늘 포스팅이 유익하셨다면 공감과 댓글 부탁드리며, 다음에도 더 알찬 자동차 소식으로 찾아오겠습니다! 안전운전하세요! ✨

==================================================
🏷️ [추천 검색 태그]
#자동차 #신차출시 #테슬라모델3 #테슬라결함 #전기차브레이크 #저전압배터리 #자동차뉴스",대기
2026-09-25 13:57:28,구글 뉴스 - 자동차 토픽,"이 대통령 ""한-멕시코 전기차 협력 주목‥FTA 협상 재개 필요"" - MBC 뉴스",https://news.google.com/rss/articles/CBMieEFVX3lxTE1TQ1pfOVRER2YtRzdyeHpJXzNZVGk4NjZrOXhtVENxbjV4NTBhTU5OYU1wV0FkY28ybkFMdC12Z2pYUGVIeUtyWXdnejlUR3ZFSTlfd2gzM2RCdmI0VS1EMGxRVkZMTmdrMUNZT1ozOGppb1Fwak5EadIBeEFVX3lxTE9TczEzbEFpLUVkYVZhc2d0anV3ZW5mOVBuTF82UFFoaTZ6OFIxM2w5X3JNNkZvalpGOURXazBONzZ2dVhVVEczM3FyVnppd3VXQWhQMnpMT182aGNzN1ZFY3k5YnVYdTZ1TTJBUEhtYWt1MjZNajA0ag?oc=5,news_754ad69af2bd,"1. 이재명 대통령이 한-멕시코 정상회담 및 기업인 간담회를 통해 양국의 긴밀한 경제 협력을 강조했습니다.
2. 특히 친환경 시대에 발맞춘 '한-멕시코 전기차 협력'의 중요성을 언급하며 주목을 받았습니다.
3. 이에 따라 중단되었던 한-멕시코 FTA 협상 재개 및 원유·핵심광물 협력 채널 출범이 추진될 전망입니다.","📌 [블로그 추천 제목 후보 (택 1)]
1. 전기차 패권 경쟁 속, 한국과 멕시코가 손잡은 이유는? FTA 협상 재개 주목
2. 한-멕시코 전기차 협력 본격화! 원유·핵심광물 공급망 다변화 총력
3. 이 대통령, 멕시코와 미래 모빌리티·핵심광물 동맹 선언… 완성차 업계 영향은?

📸 [대표 이미지 URL (본문 상단 삽입 권장)]
https://lh3.googleusercontent.com/J6_coFbogxhRI9iM864NL_liGXvsQp2AupsKei7z0cNNfDvGUmWUy20nuUhkREQyrpY4bEeIBuc=s0-w300-rw

==================================================

안녕하세요! 자동차 전문 에디터입니다. 🚗 최근 글로벌 자동차 시장과 모빌리티 산업에서 가장 핫한 키워드는 단연 '전기차'와 '공급망'인데요. 오늘은 대한민국과 멕시코 양국 간의 아주 흥미롭고 중요한 경제·외교 소식을 깊이 있게 살펴보려고 합니다.

최근 열린 한-멕시코 정상회담과 기업인 간담회에서 양국이 중요한 전략적 파트너임을 재확인했습니다. 특히 이번 만남에서 가장 눈여겨봐야 할 대목은 바로 **'전기차 협력'**과 **'핵심광물 공급망 구축'**입니다.

### 🔌 왜 지금 '한-멕시코 전기차 협력'일까요?
멕시코는 북미 시장(USMCA)의 관문이자, 글로벌 자동차 생산 및 부품 공급의 핵심 허브로 꼽힙니다. 최근 전 세계적으로 전기차 전환 속도가 조절되면서도, 장기적인 친환경 모빌리티 패권 경쟁은 더욱 치열해지고 있는데요.

이재명 대통령은 이번 회담을 통해 양국이 전기차 분야에서 협력할 수 있는 잠재력이 매우 크다고 강조했습니다. 단순히 완성차 수출을 넘어, 미래차 생태계 전반에서 시너지를 낼 수 있는 기반이 마련되고 있다는 뜻입니다.

### ⛏️ 원유부터 핵심광물까지, 공급망 다변화의 신호탄
전기차 생산의 핵심인 배터리 원료와 광물 확보는 이제 국가 경쟁력이 되었습니다. 이번 회담을 계기로 **양국 간 원유 및 핵심광물 협력 채널이 새롭게 출범**하게 되었는데요. 

- **공급망 안정화:** 특정 국가에 치우치지 않는 안정적인 배터리 광물 수급 경로 확보
- **무역 장벽 완화:** 한-멕시코 간 FTA 협상 재개의 필요성이 대두되며 양국 기업들의 교역 활동이 한층 탄력을 받을 전망

### 💡 에디터 추천 및 총평
이번 한-멕시코의 경제 협력 강화는 북미 시장을 겨냥하는 국내 완성차 및 배터리 업계에 긍정적인 신호탄이 될 것으로 보입니다. 특히 FTA 협상이 재개되고 핵심광물 협력 채널이 본격적으로 가동된다면, 우리 기업들의 현지 생산 및 수출 환경이 훨씬 유리해질 수 있습니다.

앞으로 양국이 구체적으로 어떤 실질적인 성과를 만들어낼지, 자동차 애호가이자 업계 관찰자로서 계속해서 예리하게 지켜보겠습니다. 오늘 소식이 유익하셨다면 공감과 댓글 부탁드립니다!

==================================================
🏷️ [추천 검색 태그]
#자동차 #전기차 #한멕시코정상회담 #핵심광물 #FTA협상 #모빌리티 #자동차산업",대기
2026-09-25 15:05:28,모터그래프 (Motorgraph),"현대차, 코이카와 손잡고 모로코 마라케시에 친환경 전기버스 '일렉시티' 15대 공급",https://car.shop-danawa.co.kr/?p=292,idx_44598,"현대차가 코이카(KOICA)와 협력하여 모로코 마라케시 시에 친환경 전기버스 '일렉시티' 15대와 급속충전기를 공급합니다. 모로코의 2050 탄소중립 목표를 지원하며, 국산 전기버스의 북아프리카 시장 진출 교두보가 될 것으로 기대됩니다.","<div style=""background-color: #f8fafc; border-left: 4px solid #2563eb; padding: 18px 20px; border-radius: 6px; margin-bottom: 25px;"">
    <h3 style=""margin-top: 0; margin-bottom: 10px; color: #1e293b; font-size: 1.1rem;"">⚡ 이번 소식 핵심 3줄 요약</h3>
    <ul style=""margin: 0; padding-left: 20px; line-height: 1.8; color: #334155;"">
      <li>현대차, 코이카(KOICA)와 ODA 사업 협력해 모로코 마라케시에 일렉시티 15대 공급</li>
      <li>마라케시 시 주요 관광지구 시내버스 노선 투입 및 대기오염 저감 기대</li>
      <li>국내 생산 전기버스 최초 모로코 진출로 북아프리카 전동화 시장 확대 교두보 마련</li>
    </ul>
  </div>

  <h2 style=""color: #1e293b; font-size: 1.5rem; margin-top: 30px; margin-bottom: 15px; border-bottom: 2px solid #e2e8f0; padding-bottom: 8px;"">모로코 마라케시의 푸른 하늘을 지킬 현대차 일렉시티</h2>
  <p style=""line-height: 1.85; margin-bottom: 18px; color: #334155;"">
    안녕하세요, 국내외 자동차 최신 소식을 전해드리는 에디터입니다. 현대자동차가 한국국제협력단(KOICA·코이카)과 뜻깊은 손을 잡고 아프리카 대륙에 국산 친환경 전기버스를 수출한다는 반가운 소식입니다. 현대차는 전북 전주공장에서 코이카 및 주한 모로코 대사관 관계자들이 참석한 가운데 <strong>'모로코 마라케시 시 친환경 전기버스 교통체계 구축사업 전기버스 국내 전달식'</strong>을 개최했습니다.
  </p>
  <p style=""line-height: 1.85; margin-bottom: 18px; color: #334155;"">
    이번 사업은 정부와 공공기관이 개발도상국의 경제·사회 발전을 지원하는 공적개발원조(ODA) 사업의 일환으로 진행됩니다. 모로코 정부는 오는 2030년까지 온실가스 배출 전망치 대비 최대 45.5% 감축을 달성하고, 2050년까지 완벽한 탄소중립을 이루겠다는 야심 찬 목표를 세운 바 있습니다. 이번 일렉시티 공급은 이러한 모로코의 저탄소 전환 정책에 발맞추어 대중교통 부문의 탄소 배출을 획기적으로 줄이는 핵심 프로젝트가 될 것입니다.
  </p>

  <h2 style=""color: #1e293b; font-size: 1.5rem; margin-top: 30px; margin-bottom: 15px; border-bottom: 2px solid #e2e8f0; padding-bottom: 8px;"">공급 사업 주요 내용 및 향후 일정</h2>
  <p style=""line-height: 1.85; margin-bottom: 18px; color: #334155;"">
    이번 협력에 따라 마라케시 시에는 현대차의 대표 친환경 대형 전기버스인 <strong>일렉시티 15대</strong>와 함께 차량을 안정적으로 운행하기 위한 급속충전기 등 필수 기자재가 함께 공급됩니다. 단순히 차량만 보내는 것이 아니라, 현지 운행 환경에 맞춘 전기버스 유지관리 역량 강화 교육과 기술 협력도 병행되어 지속가능한 모빌리티 생태계를 구축하게 됩니다.
  </p>
  
  <div style=""background-color: #ffffff; border: 1px solid #e2e8f0; border-radius: 8px; padding: 20px; margin: 20px 0;"">
    <h4 style=""margin-top: 0; color: #2563eb; font-size: 1.1rem; margin-bottom: 12px;"">📋 모로코 마라케시 일렉시티 공급 사업 개요</h4>
    <ul style=""margin: 0; padding-left: 20px; line-height: 1.8; color: #334155;"">
      <li><strong>지원 규모:</strong> 현대차 일렉시티 전기버스 15대 및 급속충전기 기자재</li>
      <li><strong>주요 투입처:</strong> 모로코 마라케시 시 주요 관광지구 시내버스 노선</li>
      <li><strong>협력 기관:</strong> 현대자동차, 코이카(KOICA), 모로코 마라케시 시, 주한 모로코 대사관</li>
      <li><strong>향후 일정:</strong> 우선 제작된 2대 선공개 후, 잔여 생산 및 선적을 거쳐 2027년 1분기 현지 최종 전달식 개최 예정</li>
    </ul>
  </div>

  <h2 style=""color: #1e293b; font-size: 1.5rem; margin-top: 30px; margin-bottom: 15px; border-bottom: 2px solid #e2e8f0; padding-bottom: 8px;"">북아프리카 전동화 시장 개척의 상징적 의미</h2>
  <p style=""line-height: 1.85; margin-bottom: 18px; color: #334155;"">
    이번에 투입되는 일렉시티는 모로코에 최초로 공급되는 국산 생산 전기버스입니다. 특히 마라케시는 과거 제22차 유엔기후변화협약(COP22)이 개최되었던 모로코의 대표적인 경제 및 문화 중심지라는 점에서 친환경 버스 도입의 상징성이 매우 큽니다. 관광객이 밀접한 도심 노선에 저상 전기버스가 투입됨으로써 대기오염 저감은 물론 시민들의 대중교통 이용 편의성도 크게 향상될 전망입니다.
  </p>
  <p style=""line-height: 1.85; margin-bottom: 18px; color: #334155;"">
    현대차 관계자는 ""다양한 지역의 운행 환경에 적합한 친환경 상용 모빌리티를 제공하고 파트너 기관과 함께 지속가능한 교통 환경 조성에 기여하겠다""고 포부를 밝혔으며, 코이카와 모로코 대사관 측 역시 양국 간 지속가능한 도시 모빌리티 협력의 훌륭한 출발점이 될 것이라며 큰 기대감을 드러냈습니다.
  </p>

  <div style=""background-color: #f0fdf4; border: 1px solid #bbf7d0; padding: 20px; border-radius: 8px; margin-top: 30px;"">
    <h3 style=""margin-top: 0; color: #166534; font-size: 1.1rem; margin-bottom: 12px;"">💡 에디터 구매 가이드 & 총평</h3>
    <p style=""margin-bottom: 12px; color: #15803d; line-height: 1.7;"">
      이번 소식은 단순한 차량 수출을 넘어, 한국의 우수한 상용 전기차 기술력이 공적개발원조(ODA)와 결합해 글로벌 탄소중립 실현에 기여한다는 점에서 높은 가치를 지닙니다. 일렉시티의 뛰어난 주행 성능과 상품성이 북아프리카 시장 전역으로 뻗어나가는 든든한 발판이 되기를 응원합니다.
    </p>
    <p style=""margin: 0; font-weight: bold; color: #166534;"">
      🎯 추천 대상: 글로벌 상용차 시장 동향에 관심이 많은 분, 현대차 친환경 전기버스(일렉시티)의 해외 진출 소식이 궁금하셨던 독자분들께 강력 추천합니다.
    </p>
  </div>",발행완료(워드프레스)
2026-09-25 06:31:21,모터그래프 (Motorgraph),"2026 연례 자동차 조사: 렉서스, 초기·내구 품질 2년 연속 2관왕 달성",https://car.shop-danawa.co.kr/?p=294,idx_44597,렉서스가 컨슈머인사이트 2026 연례 자동차 기획조사에서 초기품질과 내구품질 2년 연속 1위를 기록했습니다. 토요타는 내구품질 부문에서 2년 연속 2위를 차지하며 뛰어난 장기 내구성을 증명했습니다. 두 브랜드는 철저한 사후 관리와 장인정신을 바탕으로 높은 고객 만족도를 이어가고 있습니다.,"<div style=""background-color: #f8fafc; border-left: 4px solid #2563eb; padding: 18px 20px; border-radius: 6px; margin-bottom: 25px;"">
    <h3 style=""margin-top: 0; margin-bottom: 10px; color: #1e293b; font-size: 1.1rem;"">⚡ 이번 소식 핵심 3줄 요약</h3>
    <ul style=""margin: 0; padding-left: 20px; line-height: 1.8; color: #334155;"">
      <li>렉서스, 컨슈머인사이트 2026 조사서 초기·내구품질 2년 연속 2관왕 달성</li>
      <li>토요타, 내구품질 부문 2년 연속 2위 기록하며 신뢰도 입증</li>
      <li>철저한 사후 관리와 렉서스·토요타 케어 프로그램이 높은 만족도의 비결</li>
    </ul>
  </div>

  <p style=""line-height: 1.85; margin-bottom: 18px; color: #334155;"">자동차 리서치 전문기관인 컨슈머인사이트가 실시한 '2026 연례 자동차 기획조사' 결과가 발표되었습니다. 이번 국산 및 수입차 통합 평가에서 일본 프리미엄 브랜드와 대중차 브랜드의 대표주자인 렉서스와 토요타가 나란히 최상위권을 석권하며 다시 한번 저력을 과시했는데요. 자세한 조사 결과와 의미를 자동차 전문 에디터의 시선으로 꼼꼼히 살펴보겠습니다.</p>

  <h2 style=""color: #1e293b; font-size: 1.4rem; margin-top: 30px; margin-bottom: 15px; border-bottom: 2px solid #e2e8f0; padding-bottom: 8px;"">렉서스, 초기품질·내구품질 모두 잡다</h2>
  
  <p style=""line-height: 1.85; margin-bottom: 18px; color: #334155;"">이번 조사에서 렉서스는 신차 구입 초기 품질을 뜻하는 <strong>초기품질(TGW-i)</strong>에서 85PPH, 일정 기간 보유한 이후의 품질을 평가하는 <strong>내구품질(TGW-d)</strong>에서 129PPH를 기록하며 두 부문 모두 당당히 1위에 올랐습니다. 특히 지난해에 이어 2년 연속 두 부문 모두 석권하며 '고장 없는 차'의 대명사임을 다시 입증했습니다.</p>
  
  <p style=""line-height: 1.85; margin-bottom: 18px; color: #334155;"">함께 패밀리를 이룬 토요타 역시 내구품질 부문에서 146PPH를 기록하며 2년 연속 2위에 이름을 올렸습니다. 여기서 PPH(Problems Per Hundred)는 100대당 문제점 수를 의미하므로, 수치가 낮을수록 차량의 품질이 우수하다는 것을 뜻합니다. 두 브랜드 모두 작년과 동일한 최상위권 순위를 수성했습니다.</p>

  <h2 style=""color: #1e293b; font-size: 1.4rem; margin-top: 30px; margin-bottom: 15px; border-bottom: 2px solid #e2e8f0; padding-bottom: 8px;"">비결은 철저한 장인정신과 체계적인 사후 관리</h2>
  
  <p style=""line-height: 1.85; margin-bottom: 18px; color: #334155;"">이처럼 렉서스와 토요타가 오랜 기간 국내 소비자들로부터 높은 신뢰를 받는 이유는 단순히 차를 잘 만드는 것에 그치지 않습니다. 한국토요타자동차는 구매 이후의 라이프사이클까지 고려한 세심한 서비스를 제공하고 있습니다.</p>
  
  <ul style=""line-height: 1.8; color: #334155; margin-bottom: 25px; padding-left: 20px;"">
    <li><strong>전국 공식 딜러 네트워크:</strong> 체계적이고 정기적인 점검 서비스 제공</li>
    <li><strong>렉서스 케어 및 토요타 케어:</strong> 기본 보증 종료 이후에도 일정 조건 충족 시 추가 보증 혜택 부여</li>
    <li><strong>장기 보유 고객 지원:</strong> 오랜 기간 운행해도 신차 같은 성능과 품질을 유지하도록 안심 프로그램 가동</li>
  </ul>

  <div style=""background-color: #f0fdf4; border: 1px solid #bbf7d0; padding: 20px; border-radius: 8px; margin-top: 30px;"">
    <h3 style=""color: #166534; margin-top: 0; margin-bottom: 12px; font-size: 1.1rem;"">💡 에디터 구매 가이드 &amp; 총평</h3>
    <p style=""color: #14532d; line-height: 1.8; margin-bottom: 12px;"">올해 컨슈머인사이트 조사는 전국 자동차 보유자 및 구입 예정자 등 무려 9만 4,772명을 대상으로 진행된 대규모 신뢰도 지표입니다. 이 거대한 표본 속에서 렉서스와 토요타가 최상위권을 유지했다는 것은 소비자가 실제로 체감하는 만족도가 그만큼 높다는 방증입니다.</p>
    <p style=""color: #14532d; line-height: 1.8; margin: 0;""><strong>추천 대상:</strong> 한번 차를 사면 트러블 없이 오랜 기간 스트레스 없이 타고 싶어 하는 합리적인 오너, 그리고 탄탄한 내구성과 우수한 잔존가치를 중요하게 생각하는 운전자라면 두 브랜드의 라인업은 여전히 가장 안전하고 훌륭한 선택지입니다.</p>
  </div>",발행완료(워드프레스)
2026-09-25 14:19:14,모터그래프 (Motorgraph),"메르세데스-벤츠 기브앤 레이스, 과천시아동보호전문기관 개소로 선한 영향력 실현",https://car.shop-danawa.co.kr/?p=298,idx_44595,"메르세데스-벤츠 사회공헌위원회가 제12회 '기브앤 레이스' 기부금 5억 원을 지원해 과천시아동보호전문기관을 개소했습니다.
인천검암, 중부산에 이어 세 번째 지원이며, 학대피해아동과 가족의 회복을 위한 전문적인 상담 및 지원 공간으로 활용됩니다.
스포츠와 기부를 결합한 '기브앤 레이스'는 2017년 이후 누적 기부금 약 86억 원을 기록하며 따뜻한 나눔을 이어가고 있습니다.","<div style=""background-color: #f8fafc; border-left: 4px solid #2563eb; padding: 18px 20px; border-radius: 6px; margin-bottom: 25px;"">
    <h3 style=""margin-top: 0; margin-bottom: 10px; color: #1e293b; font-size: 1.1rem;"">⚡ 이번 소식 핵심 3줄 요약</h3>
    <ul style=""margin: 0; padding-left: 20px; line-height: 1.8; color: #334155;"">
      <li>제12회 메르세데스-벤츠 기브앤 레이스 기부금 5억 원으로 과천시아동보호전문기관 정식 개소</li>
      <li>인천검암·중부산에 이은 세 번째 지원 기관, 향후 동두천시까지 총 네 곳으로 확대 예정</li>
      <li>학대피해아동과 가족의 회복을 위한 전문 상담, 심리검사, 재학대 예방 프로그램 본격 운영</li>
    </ul>
  </div>

  <h2 style=""color: #1e293b; font-size: 1.4rem; margin-top: 30px; margin-bottom: 15px; border-bottom: 2px solid #e2e8f0; padding-bottom: 8px;"">시민들의 발걸음이 만든 기적, 과천시 아동보호의 중심이 되다</h2>
  <p style=""line-height: 1.85; margin-bottom: 18px; color: #334155;"">안녕하세요, 자동차와 사회 각 분야의 따뜻한 소식을 전해드리는 전문 에디터입니다. 자동차 브랜드가 단순히 차량을 판매하는 것을 넘어, 지역사회와 어떻게 상생하고 있는지 그 감동적인 현장을 전해드리려 합니다. 메르세데스-벤츠 사회공헌위원회가 시민들의 자발적인 참여로 조성된 기부금을 통해 또 하나의 뜻깊은 결실을 맺었습니다.</p>
  <p style=""line-height: 1.85; margin-bottom: 18px; color: #334155;"">메르세데스-벤츠 사회공헌위원회는 지난 제12회 ‘메르세데스-벤츠 기브앤 레이스(GIVE ’N RACE)’를 통해 모인 기부금 중 5억 원을 투입해 조성한 '과천시아동보호전문기관'이 22일 공식 개소식을 갖고 본격적인 운영에 돌입했다고 밝혔습니다. 이날 개소식에는 신계용 과천시장을 비롯해 벤츠 코리아 임원진과 사회복지법인 아이들과미래재단, 한국예술심리상담협회 등 주요 관계자들이 참석해 자리를 빛냈습니다.</p>

  <h2 style=""color: #1e293b; font-size: 1.4rem; margin-top: 30px; margin-bottom: 15px; border-bottom: 2px solid #e2e8f0; padding-bottom: 8px;"">전문적인 상담과 체계적인 사례관리로 안전한 성장 환경 조성</h2>
  <p style=""line-height: 1.85; margin-bottom: 18px; color: #334155;"">이번에 문을 연 과천시아동보호전문기관은 인천검암아동보호전문기관과 중부산아동보호전문기관에 이어 벤츠 사회공헌위원회가 지원한 세 번째 시설입니다. 현재 공사가 진행 중인 동두천시 아동보호전문기관까지 포함하면 총 네 곳의 아동보호 인프라 구축을 지원하게 되는 셈입니다.</p>
  <p style=""line-height: 1.85; margin-bottom: 18px; color: #334155;"">지원된 5억 원의 기부금은 기관 내 사무실, 상담실, 프로그램실 등의 공간 리모델링과 아동학대 사례관리 및 전문 상담 업무에 필수적인 각종 기자재를 마련하는 데 알차게 사용되었습니다. 사단법인 한국예술심리상담협회가 위탁 운영을 맡아 다음과 같은 핵심 업무를 수행합니다.</p>
  
  <ul style=""line-height: 1.8; color: #334155; margin-bottom: 25px; padding-left: 20px;"">
    <li><strong>학대피해아동 및 가족 지원:</strong> 전문적인 상담, 사례관리, 심리검사 및 맞춤형 치료 연계</li>
    <li><strong>재학대 예방:</strong> 체계적인 사후관리 시스템 구축 및 학대행위자 대상 상담·교육 실시</li>
    <li><strong>지역사회 연계:</strong> 아동학대 예방 교육 및 홍보, 유관기관과의 긴밀한 협력 활동 전개</li>
  </ul>

  <h2 style=""color: #1e293b; font-size: 1.4rem; margin-top: 30px; margin-bottom: 15px; border-bottom: 2px solid #e2e8f0; padding-bottom: 8px;"">스포츠와 기부의 만남, '기브앤 레이스'가 써 내려가는 기록들</h2>
  <p style=""line-height: 1.85; margin-bottom: 18px; color: #334155;"">'메르세데스-벤츠 기브앤 레이스'는 즐겁게 달리면서 기부도 함께 실천할 수 있는 대표적인 시민 참여형 행사입니다. 2017년 첫 대회를 시작으로 꾸준히 사랑받아 온 이 행사는 제13회 차까지 진행되는 동안 누적 참가자 약 16만 5천 명, 누적 기부금 약 86억 원이라는 놀라운 기록을 달성했습니다.</p>
  <p style=""line-height: 1.85; margin-bottom: 18px; color: #334155;"">특히 조성된 기부금 전액은 국내 아동과 청소년을 위해 투명하게 사용되고 있으며, 이번 과천시 사례처럼 지역사회가 장기적으로 활용할 수 있는 실질적인 보호 기반 시설을 구축하는 데 큰 힘이 되고 있습니다. 메르세데스-벤츠 사회공헌위원회는 2014년 출범 이래 2026년 2분기 기준 누적 기부액 약 515억 원을 달성하며 진정성 있는 ESG 경영과 사회공헌의 모범을 보여주고 있습니다.</p>

  <div style=""background-color: #f1f5f9; border: 1px solid #cbd5e1; padding: 20px; border-radius: 6px; margin-top: 35px;"">
    <h3 style=""margin-top: 0; color: #0f172a; font-size: 1.15rem;"">💡 에디터 구매 가이드 & 총평</h3>
    <p style=""line-height: 1.8; color: #334155; margin-bottom: 15px;"">기업의 사회적 책임(CSR)이 단순한 보여주기식 활동을 넘어, 지역사회의 구조적인 문제를 해결하고 실질적인 인프라를 구축하는 방향으로 진화하고 있습니다. 벤츠의 기브앤 레이스는 브랜드 팬덤과 시민들의 자발적인 참여를 이끌어내어 아이들의 안전망을 구축했다는 점에서 매우 긍정적인 평가를 받을 만합니다. 앞으로도 이러한 선한 영향력이 자동차 업계 전반으로 더욱 확산되기를 기대해 봅니다.</p>
    <p style=""margin: 0; color: #475569; font-size: 0.95rem;""><strong>🎯 추천 대상:</strong> 기업 사회공헌 활동 및 ESG 트렌드에 관심이 많은 독자, 기브앤 레이스 참가에 관심이 있는 러너 및 시민 분들</p>
  </div>",발행완료(워드프레스)
2026-09-26 02:36:52,모터그래프 (Motorgraph),"KGM, 에티오피아 KD 사업 진출… 아프리카 동맹 맺고 친환경차 공략 본격화",https://car.shop-danawa.co.kr/?p=299,idx_44590,"KGM이 B&C 및 영산글로넷과 MOU를 맺고 에티오피아 KD 사업에 진출합니다. 2027년 상반기 생산 개시를 목표로 토레스 EVX, 무쏘 EV 등 연간 1,000여 대를 공급하며 동아프리카 거점으로 도약할 계획입니다.","<div style=""background-color: #f8fafc; border-left: 4px solid #2563eb; padding: 18px 20px; border-radius: 6px; margin-bottom: 25px;"">
    <h3 style=""margin-top: 0; margin-bottom: 10px; color: #1e293b; font-size: 1.1rem;"">⚡ 이번 소식 핵심 3줄 요약</h3>
    <ul style=""margin: 0; padding-left: 20px; line-height: 1.8; color: #334155;"">
      <li>KGM, B&C 및 영산글로넷과 에티오피아 KD 사업 진출 MOU 체결</li>
      <li>2027년 상반기 공장 가동, 토레스 EVX 및 무쏘 EV 등 연간 1,000여 대 공급 예정</li>
      <li>에티오피아를 교두보 삼아 소말리아, 케냐 등 동아프리카 주요국으로 수출 확대</li>
    </ul>
  </div>

  <h2 style=""color: #1e293b; font-size: 1.4rem; margin-top: 30px; margin-bottom: 15px; border-bottom: 2px solid #e2e8f0; padding-bottom: 8px;"">글로벌 영토 확장 나선 KGM, 에티오피아와 손잡다</h2>
  <p style=""line-height: 1.85; margin-bottom: 18px; color: #334155;"">
    안녕하세요, 자동차 전문 에디터입니다. 국내 시장을 넘어 글로벌 무대로 저변을 넓히고 있는 KG 모빌리티(KGM)가 이번에는 아프리카 신흥 시장에 본격적인 출사표를 던졌습니다. 최근 KGM은 B&C 매뉴팩처링 그룹(B&C), 글로벌 물류·엔지니어링 기업 영산글로넷과 손을 잡고 에티오피아 KD(Knock Down, 부품 반제품 조립) 사업 진출을 위한 업무협약(MOU)을 체결했다고 밝혔습니다.
  </p>
  <p style=""line-height: 1.85; margin-bottom: 18px; color: #334155;"">
    서울 중구 KG 타워에서 열린 이번 협약식에는 KGM 황기영 대표이사를 비롯해 B&C 브루크 대표이사, 영산글로넷 정찬범 사장, 그리고 주한 에티오피아 대사관 케펠렝 암타타우 우르가트 전권공사 등 주요 관계자들이 참석해 자리를 빛냈습니다. 각 사의 긴밀한 협력을 통해 아프리카 시장 내 브랜드 입지를 탄탄히 다지겠다는 의지가 돋보이는 대목입니다.
  </p>

  <h2 style=""color: #1e293b; font-size: 1.4rem; margin-top: 30px; margin-bottom: 15px; border-bottom: 2px solid #e2e8f0; padding-bottom: 8px;"">철저한 역할 분담으로 구축하는 현지 생산 인프라</h2>
  <p style=""line-height: 1.85; margin-bottom: 18px; color: #334155;"">
    이번 사업의 성공을 위해 3사는 각자의 전문 분야에 맞춰 철저한 역할 분담을 이뤄냈습니다. 현지 유력 기업인 B&C는 건설과 알루미늄 제조 등의 노하우를 바탕으로 공장 부지와 인프라를 확보하고 현지 생산 시설 건설을 주도합니다.
  </p>
  <p style=""line-height: 1.85; margin-bottom: 18px; color: #334155;"">
    또한, 영산글로넷은 KD 공장의 전반적인 설계부터 기술 컨설팅, 엔지니어링 지원, 그리고 생산 설비 공급까지 공장 건설에 필요한 모든 실무적 과정을 밀착 지원하게 됩니다. KGM은 검증된 친환경 차량 기술력과 라인업을 제공하는 든든한 중추 역할을 맡습니다.
  </p>

  <h3 style=""color: #334155; font-size: 1.2rem; margin-top: 25px; margin-bottom: 12px;"">에티오피아 KD 사업 추진 타임라인 및 공급 계획</h3>
  <ul style=""line-height: 1.8; margin-bottom: 20px; color: #334155;"">
    <li><strong>공장 착공:</strong> 오는 10월 본격적인 공장 건설 착수</li>
    <li><strong>생산 개시:</strong> 2027년 상반기 양산 돌입 예정</li>
    <li><strong>공급 모델 및 물량:</strong> 토레스 EVX, 무쏘 EV 등 친환경차 중심 연간 1,000여 대</li>
    <li><strong>수출 전략:</strong> 에티오피아 내수 판매뿐만 아니라 소말리아, 케냐, 우간다, 르완다, 지부티 등 동아프리카 권역으로 수출 확대</li>
  </ul>

  <h2 style=""color: #1e293b; font-size: 1.4rem; margin-top: 30px; margin-bottom: 15px; border-bottom: 2px solid #e2e8f0; padding-bottom: 8px;"">동아프리카 전진기지 확보… 글로벌 신흥 시장 공략 가속화</h2>
  <p style=""line-height: 1.85; margin-bottom: 18px; color: #334155;"">
    이번 에티오피아 진출이 특히 주목받는 이유는 단순한 단발성 수출을 넘어선 '지역 거점화 전략'이기 때문입니다. B&C는 에티오피아 공장에서 생산될 KGM의 경쟁력 있는 차량들을 동아프리카 주요 국가들로 뻗어나가는 교두보로 삼겠다는 청사진을 그리고 있습니다.
  </p>
  <p style=""line-height: 1.85; margin-bottom: 18px; color: #334155;"">
    KGM 황기영 대표이사는 이번 에티오피아 사업 진출을 신호탄으로 삼아, 연내 사우디아라비아와 베트남 등에서도 KD 사업을 확장하겠다는 계획을 밝혔습니다. 국가별 맞춤형 신모델 출시와 신흥 시장 다변화를 통해 글로벌 판매 물량을 폭넓게 늘려가겠다는 복안입니다.
  </p>

  <div style=""background-color: #f1f5f9; border: 1px solid #cbd5e1; padding: 20px; border-radius: 8px; margin-top: 35px;"">
    <h3 style=""margin-top: 0; color: #0f172a; font-size: 1.15rem;"">💡 에디터 구매 가이드 & 총평</h3>
    <p style=""margin-bottom: 12px; color: #334155; line-height: 1.7;"">
      이번 KGM의 에티오피아 KD 사업 진출은 내수 시장의 한계를 극복하고 글로벌 친환경차 브랜드로 도약하기 위한 매우 전략적인 행보입니다. 특히 토레스 EVX와 무쏘 EV 같은 경쟁력 있는 전기차 및 친환경 모델들이 아프리카 시장에서 어떤 성과를 거둘지 귀추가 주목됩니다.
    </p>
    <p style=""margin: 0; color: #1e293b; font-weight: bold;"">
      추천 대상자: 국내 완성차 브랜드의 글로벌 수출 실적 및 해외 신흥 시장 다변화 전략에 관심이 많은 자동차 산업 투자자 및 애호가
    </p>
  </div>",발행완료(워드프레스)
2026-09-27 02:35:39,오토데일리 (AutoDaily),"LG전자, 엔비디아 AI 데이터센터 공식 파트너 선정… '칩 투 칠러' 냉각 솔루션 글로벌 공략 가속화",https://car.shop-danawa.co.kr/?p=300,idx_600719,"LG전자가 엔비디아 NPN(파트너 네트워크)에 공식 선정되어 글로벌 AI 데이터센터 냉각 솔루션 공급의 교두보를 마련했습니다. 국내 최초로 600kW 및 1MW급 CDU 엔비디아 규격을 충족한 데 이어, 칩부터 칠러까지 아우르는 풀 라인업으로 북미 등 글로벌 시장을 공략합니다.","<div style=""background-color: #f8fafc; border-left: 4px solid #2563eb; padding: 18px 20px; border-radius: 6px; margin-bottom: 25px;"">
    <h3 style=""margin-top: 0; margin-bottom: 10px; color: #1e293b; font-size: 1.1rem;"">⚡ 이번 소식 핵심 3줄 요약</h3>
    <ul style=""margin: 0; padding-left: 20px; line-height: 1.8; color: #334155;"">
      <li>LG전자, 엔비디아 공식 파트너 네트워크(NPN) 가입 완료</li>
      <li>600kW부터 2.5MW급까지 엔비디아 규격 승인 획득으로 냉각 기술력 입증</li>
      <li>칠러부터 CDU, 콜드 플레이트까지 '칩 투 칠러' 풀 라인업 구축으로 북미 등 글로벌 시장 정조준</li>
    </ul>
  </div>

  <h2 style=""color: #1e293b; font-size: 1.5rem; margin-top: 30px; margin-bottom: 15px; border-bottom: 2px solid #e2e8f0; padding-bottom: 8px;"">엔비디아 생태계 합류, 글로벌 AI 인프라 시장의 게임체인저 되나</h2>
  <p style=""line-height: 1.85; margin-bottom: 18px; color: #334155;"">최근 급성장하는 생성형 AI와 고성능 컴퓨팅(HPC) 인프라 시장에서 전력 소비와 발열 관리가 핵심 과제로 떠오른 가운데, 국내 대표 가전·IT 기업인 LG전자가 글로벌 AI 생태계의 중심인 엔비디아와 손을 잡았습니다. LG전자는 엔비디아의 공식 글로벌 파트너 프로그램인 <strong>‘엔비디아 파트너 네트워크(NPN)’</strong>에 최종 선정되었다고 밝혔습니다.</p>
  <p style=""line-height: 1.85; margin-bottom: 18px; color: #334155;"">NPN은 엔비디아의 AI 컴퓨팅 플랫폼과 기술 생태계를 기반으로 하드웨어, 소프트웨어, 인프라 분야의 우수 기업들이 참여하는 글로벌 프로그램입니다. 이번 등재를 통해 LG전자는 차세대 AI 데이터센터 및 AI 팩토리 기획 단계부터 칠러, 냉각수 분배장치(CDU) 등의 고효율 냉각 솔루션을 선제적으로 제안할 수 있는 강력한 영업 및 기술 협력 접점을 확보하게 되었습니다.</p>

  <h2 style=""color: #1e293b; font-size: 1.5rem; margin-top: 30px; margin-bottom: 15px; border-bottom: 2px solid #e2e8f0; padding-bottom: 8px;"">검증된 기술력: 메가와트(MW)급 CDU 규격 승인 릴레이</h2>
  <p style=""line-height: 1.85; margin-bottom: 18px; color: #334155;"">LG전자가 이번 NPN 파트너로 선정될 수 있었던 배경에는 철저한 사전 검증을 거친 독보적인 냉각 인프라 기술력이 있습니다. 앞서 LG전자는 국내 기업 최초로 600kW 및 1MW급 CDU에 대한 엔비디아 규격 승인(Qualification)을 완료했습니다.</p>
  
  <div style=""background-color: #ffffff; border: 1px solid #e2e8f0; border-radius: 8px; padding: 20px; margin: 20px 0;"">
    <h4 style=""margin-top: 0; color: #1e293b; font-size: 1.1rem; margin-bottom: 12px;"">📊 LG전자 주요 엔비디아 규격 승인 및 기술 현황</h4>
    <ul style=""margin: 0; padding-left: 20px; line-height: 1.8; color: #334155;"">
      <li><strong>초고용량 규격 승인:</strong> 2.5MW급 CDU AI 팩토리 규격 통과 및 엔비디아 'DSX 레디 CDU' 정식 인정</li>
      <li><strong>칩 투 칠러(Chip to Chiller) 라인업:</strong> 냉각수 생산 칠러 + 정밀 분배 CDU + 칩 열 흡수 콜드 플레이트 풀 라인업 완성</li>
      <li><strong>초정밀 기술력:</strong> 전원 이중화 및 ±0.25°C 수준의 초정밀 온도 제어 시스템 구축</li>
    </ul>
  </div>

  <p style=""line-height: 1.85; margin-bottom: 18px; color: #334155;"">이와 같은 고용량 제품 규격 승인은 향후 대형 하이퍼스케일러 및 코로케이션 데이터센터 입찰 시장에서 강력한 무기로 작용할 전망입니다. 특히 전 세계 신규 데이터센터 증설 수요의 60% 이상이 집중되는 북미 시장 공략에 속도가 붙을 것으로 기대됩니다.</p>

  <h2 style=""color: #1e293b; font-size: 1.5rem; margin-top: 30px; margin-bottom: 15px; border-bottom: 2px solid #e2e8f0; padding-bottom: 8px;"">2011년부터 다져온 공·수랭식 노하우, 액체냉각으로 방점</h2>
  <p style=""line-height: 1.85; margin-bottom: 18px; color: #334155;"">LG전자는 지난 2011년 데이터센터 냉각 시장에 진출한 이후 대형 공랭식 및 수랭식 칠러 제품을 통해 꾸준히 실력을 다져왔습니다. 최근 AI 서버용 칩셋의 발열량이 급증함에 따라, 칩을 직접 액체로 식히는 고성능 액체냉각 솔루션까지 개발 범위를 넓히며 시장 변화에 민첩하게 대응하고 있습니다.</p>
  <p style=""line-height: 1.85; margin-bottom: 18px; color: #334155;"">단순한 부품 공급을 넘어 데이터센터 전체의 에너지 효율을 극대화하고, 초정밀 온도 제어로 안정성을 보장하는 시스템 역량이 글로벌 시장에서 인정받고 있다는 분석입니다.</p>

  <div style=""background-color: #f1f5f9; border-radius: 8px; padding: 20px; margin-top: 30px; border: 1px solid #cbd5e1;"">
    <h3 style=""margin-top: 0; color: #0f172a; font-size: 1.2rem; margin-bottom: 10px;"">💡 에디터 구매 가이드 & 총평</h3>
    <p style=""line-height: 1.8; color: #334155; margin-bottom: 15px;"">이번 LG전자의 엔비디아 NPN 선정은 단순한 파트너십 체결 이상의 의미를 갖습니다. 하드웨어 제조 역량에 글로벌 AI 표준 인증이 더해지면서, 고부가가치 미래 먹거리인 AI 데이터센터 인프라 시장에서 확실한 주도권을 쥐게 되었습니다. 향후 글로벌 B2B 시장에서의 실적 가시화가 주목되는 시점입니다.</p>
    <div style=""background-color: #ffffff; padding: 12px 15px; border-radius: 6px; border-left: 3px solid #0284c7;"">
      <strong style=""color: #0369a1;"">📌 B2B 투자 및 IT 인프라 관계자 추천 포인트:</strong><br>
      <span style=""color: #334155; font-size: 0.95rem;"">메가와트급 대형 데이터센터 구축을 계획 중이거나 차세대 액체냉각 솔루션 도입을 검증하는 인프라 기획자라면, LG전자의 '칩 투 칠러' 풀 라인업과 엔비디아 DSX 레디 인증 사양을 우선적으로 검토해 보시길 권장합니다.</span>
    </div>
  </div>",발행완료(워드프레스)
2026-09-27 14:25:15,오토데일리 (AutoDaily),토요타 우븐 시티 운영 1주년 성과와 2028년 대규모 확장 계획 총정리,https://car.shop-danawa.co.kr/?p=301,idx_600715,"1. 토요타 우븐 시티 운영 1주년 맞아 주민 160명과 30건의 실증 사업 진행 중
2. AI 로봇, 커피 데이터, AI 비전 엔진 2.0 등 첨단 기술 검증 활발
3. 2단계 구역 공사 시작, 2028년까지 600명 규모로 확장 및 일반 방문 개방","<div style=""background-color: #f8fafc; border-left: 4px solid #2563eb; padding: 18px 20px; border-radius: 6px; margin-bottom: 25px;"">
    <h3 style=""margin-top: 0; margin-bottom: 10px; color: #1e293b; font-size: 1.1rem;"">⚡ 이번 소식 핵심 3줄 요약</h3>
    <ul style=""margin: 0; padding-left: 20px; line-height: 1.8; color: #334155;"">
      <li>토요타 우븐 시티가 공식 운영 1주년을 맞이하며 현재 80가구 160명이 거주 중입니다.</li>
      <li>AI 로봇, 스마트 에너지 등 30건 이상의 실증 사업이 성공적으로 진행되고 있습니다.</li>
      <li>2028년 완공 목표인 2단계 구역 공사가 시작되었으며, 총 600명 규모로 확장될 예정입니다.</li>
    </ul>
  </div>

  <h2 style=""color: #1e293b; font-size: 1.5rem; margin-top: 30px; margin-bottom: 15px;"">미래 모빌리티 도시의 실험장, 우븐 시티 1주년의 기록</h2>
  <p style=""line-height: 1.85; margin-bottom: 18px; color: #334155;"">
    안녕하세요. 자동차 전문 에디터입니다. 토요타자동차와 우븐 바이 토요타가 공동 개발한 혁신적인 실증도시 <strong>‘우븐 시티(Woven City)’</strong>가 드디어 공식 운영 1주년을 맞이했습니다. 일본 시즈오카현 스소노시에 조성된 이 도시는 단순한 주거 공간을 넘어, 미래 모빌리티와 AI, 로봇 기술을 일상 속에서 검증하는 거대한 살아있는 실험실입니다.
  </p>
  <p style=""line-height: 1.85; margin-bottom: 18px; color: #334155;"">
    현재 우븐 시티에는 거주자인 ‘위버(Weaver)’ 약 80가구, 총 160명이 실제 거주하며 기업과 개발자들이 만든 혁신 제품과 서비스를 일상에서 직접 사용하고 있습니다. 이들이 제공하는 생생한 피드백은 ‘인벤터(Inventor)’라 불리는 참여 기업들의 기술을 더욱 빠르게 발전시키는 원동력이 되고 있습니다.
  </p>

  <h2 style=""color: #1e293b; font-size: 1.5rem; margin-top: 30px; margin-bottom: 15px;"">AI·로봇부터 스마트 에너지까지, 활발한 실증 현황</h2>
  <p style=""line-height: 1.85; margin-bottom: 18px; color: #334155;"">
    지난 1년간 우븐 시티 내에서 진행된 실증 사업은 AI, 로봇, 에너지, 생활 서비스 등 다양한 분야로 확장되었습니다. 주요 진행 상황은 다음과 같습니다.
  </p>

  <ul style=""line-height: 1.8; margin-bottom: 25px; color: #334155; padding-left: 20px;"">
    <li><strong>가정용 로봇 실증:</strong> AI 로봇 협회(AIRoA)가 정리정돈과 물건 운반을 돕는 로봇을 11가구에 투입, 누적 1,000건 이상의 업무 시험 완료</li>
    <li><strong>데이터 기반 생활 연구:</strong> UCC재팬이 참가자 행동 데이터 300여 개를 시각화하여 커피 종류에 따른 집중도 변화 연구 진행</li>
    <li><strong>통합 ANZEN 시스템:</strong> 도시 내 시험을 거쳐 2026회계연도 내 시즈오카현청 차량까지 장비 설치 확대 예정</li>
    <li><strong>인벤터 확대:</strong> 토요타 우븐 시티 챌린지 선정 기업 및 중부전력 미라이즈, 다이하쓰, 히타치건설기계 등 합류로 총 31개사로 증가</li>
  </ul>

  <h2 style=""color: #1e293b; font-size: 1.5rem; margin-top: 30px; margin-bottom: 15px;"">2028년 2단계 확장 및 세계 최고 수준의 AI 고도화</h2>
  <p style=""line-height: 1.85; margin-bottom: 18px; color: #334155;"">
    토요타는 여기에 안주하지 않고 기술과 도시 규모 모두를 대폭 확장합니다. 올해 말 공개를 앞둔 <strong>‘Woven City AI Vision Engine 2.0’</strong>은 실제 상황을 자연어로 설명하는 것을 넘어, 사건 발생 원인을 추론하고 사람과 모빌리티의 행동을 감지하는 강력한 기능을 갖출 예정입니다.
  </p>
  <p style=""line-height: 1.85; margin-bottom: 18px; color: #334155;"">
    또한, 지난 9월에는 약 5만 2,000㎡ 규모의 2단계 구역 공사가 본격적으로 시작되었습니다. 2028년 11월 완공을 목표로 하는 2단계 구역이 완성되면 약 600명이 추가로 수용되며, 장기적으로는 전체 부지에 약 2,000명이 거주하는 미래형 스마트 도시로 거듭나게 됩니다. 아울러 일반 방문객 프로그램도 본격적으로 문을 열어 대중과의 소통도 강화하고 있습니다.
  </p>

  <div style=""background-color: #f1f5f9; border: 1px solid #cbd5e1; padding: 20px; border-radius: 6px; margin-top: 35px;"">
    <h3 style=""margin-top: 0; color: #0f172a; font-size: 1.2rem;"">💡 에디터 구매 가이드 & 총평</h3>
    <p style=""line-height: 1.8; color: #334155; margin-bottom: 15px;"">
      토요타 우븐 시티는 단순한 자동차 회사의 테마파크가 아닙니다. 모빌리티가 우리의 삶, 일상, 그리고 도시 인프라와 어떻게 유기적으로 결합될 수 있는지 보여주는 가장 거대하고 구체적인 미래 예측 모델입니다. 1주년을 맞아 기술 실증을 넘어 실질적인 인프라 확장 단계로 접어든 만큼, 향후 이곳에서 파생될 모빌리티 및 AI 생태계의 혁신을 주목해 볼 필요가 있습니다.
    </p>
    <hr style=""border: none; border-top: 1px solid #cbd5e1; margin: 15px 0;"">
    <p style=""margin: 0; color: #475569; font-size: 0.95rem;"">
      <strong>🎯 이런 분들에게 추천합니다:</strong> 미래 스마트시티 및 모빌리티 산업 트렌드에 관심이 많은 업계 종사자, AI와 로보틱스 기술의 일상 적용 사례가 궁금한 연구원 및 투자자
    </p>
  </div>",발행완료(워드프레스)
2026-09-28 02:38:44,오토데일리 (AutoDaily),LG화학·폭스바겐 손잡았다… 전기차 경량화·친환경 소재 혁신 나선다,https://car.shop-danawa.co.kr/?p=302,idx_600729,"LG화학과 폭스바겐그룹이 차세대 친환경 모빌리티 소재 개발을 위한 업무협약(MOU)을 체결했습니다.
ABS, EP 등 고기능성 플라스틱과 PCR(소비자 사용 후 재활용) 소재를 주요 완성차에 적용합니다.
자동차 경량화와 탄소배출 저감, 원가 경쟁력 확보라는 두 마리 토끼를 동시에 잡겠다는 전략입니다.","<div style=""background-color: #f8fafc; border-left: 4px solid #2563eb; padding: 18px 20px; border-radius: 6px; margin-bottom: 25px;"">
    <h3 style=""margin-top: 0; margin-bottom: 10px; color: #1e293b; font-size: 1.1rem;"">⚡ 이번 소식 핵심 3줄 요약</h3>
    <ul style=""margin: 0; padding-left: 20px; line-height: 1.8; color: #334155;"">
      <li>LG화학, 폭스바겐그룹과 차세대·친환경 모빌리티 소재 개발 MOU 체결</li>
      <li>고부가 ABS·EP 및 PCR(재활용) 소재를 폭스바겐 주요 브랜드 내·외장재 적용 검토</li>
      <li>전기차 시대 화두인 '경량화'와 '탄소 저감', '원가 경쟁력' 동시 공략</li>
    </ul>
  </div>

  <p style=""line-height: 1.85; margin-bottom: 18px; color: #334155;"">안녕하세요, 자동차 전문 에디터입니다. 전 세계 완성차 시장이 전동화로 급격히 체질을 바꾸는 가운데, 국내 대표 화학 기업과 글로벌 완성차 거물이 손을 잡았다는 반가운 소식이 들려왔습니다. 바로 <strong>LG화학</strong>과 독일 <strong>폭스바겐그룹</strong>의 미래 모빌리티 소재 협력 강화 소식인데요. 단순한 부품 공급을 넘어 차세대 친환경 소재 생태계를 함께 구축하겠다는 야심 찬 포부를 밝혔습니다. 자세한 내용을 함께 살펴보겠습니다.</p>

  <h2 style=""color: #1e293b; border-bottom: 2px solid #e2e8f0; padding-bottom: 8px; margin-top: 30px; margin-bottom: 15px; font-size: 1.4rem;"">고기능성 플라스틱으로 전기차 '가볍게'</h2>
  <p style=""line-height: 1.85; margin-bottom: 18px; color: #334155;"">최근 서울 여의도 LG트윈타워에서 진행된 양사의 이번 협약식의 핵심은 단연 <strong>자동차 경량화</strong>와 <strong>성능 향상</strong>입니다. 양사는 LG화학의 주력 제품인 <strong>ABS(고부가합성수지)</strong>와 <strong>EP(엔지니어링플라스틱)</strong>를 활용해 차세대 플라스틱 및 복합소재 개발을 적극 검토하기로 했습니다.</p>
  <p style=""line-height: 1.85; margin-bottom: 18px; color: #334155;"">ABS와 EP는 뛰어난 충격 강도와 내구성, 우수한 가공성을 자랑하는 고기능성 소재입니다. 주로 차량의 내·외장재에 광범위하게 쓰이는데요. 전기차의 주행거리를 늘리기 위해 차체 중량을 줄이는 것이 지상 과제로 떠오른 만큼, 이들 경량 소재의 역할과 중요성은 앞으로 더욱 커질 것으로 전망됩니다.</p>

  <h2 style=""color: #1e293b; border-bottom: 2px solid #e2e8f0; padding-bottom: 8px; margin-top: 30px; margin-bottom: 15px; font-size: 1.4rem;"">친환경 PCR 소재와 원가 경쟁력의 조화</h2>
  <p style=""line-height: 1.85; margin-bottom: 18px; color: #334155;"">친환경 트렌드에 발맞춘 소재 적용 확대도 이번 협력의 큰 축입니다. 양사는 LG화학의 <strong>PCR(Post-Consumer Recycle·소비자 사용 후 재활용) 소재</strong>를 폭스바겐그룹 주요 완성차 브랜드의 내·외장재에 적용하는 방안을 테이블 위에 올렸습니다.</p>
  <p style=""line-height: 1.85; margin-bottom: 18px; color: #334155;"">과거에는 친환경 소재라고 하면 내구성이나 미관상 아쉬움이 남는다는 선입견이 있었지만, 기술의 발전으로 이를 극복해내고 있습니다. 특히 LG화학은 지난 2020년 업계 최초로 재활용 PCR ABS를 화이트 컬러로 양산하는 데 성공한 바 있으며, 별도의 도장 공정을 줄여 원가 절감과 친환경을 동시에 달성하는 '무도장(Paintless) 기술' 등 차별화된 포트폴리오를 확보하고 있습니다.</p>

  <h3 style=""color: #334155; margin-top: 25px; margin-bottom: 12px; font-size: 1.2rem;"">🔍 LG화학 석유화학 부문 핵심 역량 요약</h3>
  <ul style=""margin-bottom: 25px; padding-left: 20px; line-height: 1.8; color: #334155;"">
    <li><strong>생산 규모:</strong> 국내외 연간 총 235만 톤 규모의 ABS 생산능력 보유</li>
    <li><strong>친환경 기술:</strong> 화이트 컬러 PCR ABS 선도 개발 및 지속적인 제품군 확대</li>
    <li><strong>제조 혁신:</strong> 사이드미러, 라디에이터 그릴 등에 적용 가능한 고광택·고내열 및 무도장 ASA/ABS 소재</li>
    <li><strong>인프라 탐방:</strong> 폭스바겐 경영진의 오산 CS 캠퍼스 및 마곡 LG사이언스파크 방문을 통한 R&D 협력 강화</li>
  </ul>

  <div style=""background-color: #f1f5f9; padding: 22px; border-radius: 8px; margin-top: 35px;"">
    <h3 style=""margin-top: 0; color: #0f172a; font-size: 1.2rem; margin-bottom: 12px;"">💡 에디터 구매 가이드 & 총평</h3>
    <p style=""line-height: 1.8; color: #334155; margin-bottom: 15px;"">이번 LG화학과 폭스바겐그룹의 협력은 단순한 비즈니스 제휴 이상의 의미를 지닙니다. 완성차 업체는 탄소 배출 규제를 충족하고 원가를 절감할 수 있는 든든한 우군을 얻었고, 소재 기업은 글로벌 대형 판로를 안정적으로 확보하게 되었습니다. 앞으로 도로 위를 달릴 폭스바겐의 전동화 라인업에서 LG화학의 첨단 친환경 플라스틱이 얼마나 기여할지 기대가 모아지는 대목입니다.</p>
    <div style=""background-color: #ffffff; padding: 15px; border-radius: 6px; border: 1px solid #cbd5e1;"">
      <strong style=""color: #2563eb; display: block; margin-bottom: 5px;"">🎯 이런 독자분들께 이 뉴스를 추천합니다!</strong>
      <span style=""color: #475569; font-size: 0.955rem;"">전기차 산업의 서플라이 체인(Supply Chain)과 ESG 경영 트렌드에 관심이 많으신 분, 그리고 글로벌 친환경 모빌리티의 기술적 방향성이 궁금했던 자동차 애호가분들께 유익한 인사이트가 될 것입니다.</span>
    </div>
  </div>",발행완료(워드프레스)
2026-09-28 17:13:24,오토데일리 (AutoDaily),한화에어로스페이스 임원 학력 현황 분석과 '출신대학 제한' 채용 논란 전말,https://car.shop-danawa.co.kr/?p=303,idx_600751,"한화에어로스페이스 임원 107명 중 서울대(17명), 고려대(11명) 등 SKY 출신이 약 30%를 차지하는 것으로 나타났습니다.
최근 내부 채용 지침에서 특정 대학 출신으로 지원을 제한했다는 논란이 불거져 고용노동부 감독에 착수했습니다.
회사는 공식 사과문을 통해 관련 책임자 징계와 공정채용 프로세스 전면 개선을 약속했습니다.","<div style=""background-color: #f8fafc; border-left: 4px solid #2563eb; padding: 18px 20px; border-radius: 6px; margin-bottom: 25px;"">
    <h3 style=""margin-top: 0; margin-bottom: 10px; color: #1e293b; font-size: 1.1rem;"">⚡ 이번 소식 핵심 3줄 요약</h3>
    <ul style=""margin: 0; padding-left: 20px; line-height: 1.8; color: #334155;"">
      <li>한화에어로스페이스 전체 임원 107명 중 서울대(17명), 고려대(11명) 등 SKY 출신 비중이 약 30.5%로 확인되었습니다.</li>
      <li>최근 특정 대학 및 해외 명문대 출신으로 지원 자격을 제한하는 내부 채용 지침 문건이 유출되어 거센 논란이 일었습니다.</li>
      <li>고용노동부가 즉각 감독에 착수한 가운데, 사측은 공식 사과와 함께 채용 프로세스 개선 및 책임자 징계를 발표했습니다.</li>
    </ul>
  </div>

  <p style=""line-height: 1.85; margin-bottom: 18px; color: #334155;"">최근 방산 및 항공우주 산업의 핵심 기업으로 주목받고 있는 한화에어로스페이스의 임원진 학력 분포와 함께, 최근 업계를 뜨겁게 달구고 있는 채용 공정성 논란이 도마 위에 올랐습니다. 기업의 리더십 구성과 채용 시스템을 둘러싼 이번 이슈의 팩트를 자동차 및 산업 전문 매거진의 시선으로 꼼꼼히 살펴보겠습니다.</p>

  <h2 style=""color: #1e293b; font-size: 1.4rem; margin-top: 30px; margin-bottom: 15px; border-bottom: 2px solid #e2e8f0; padding-bottom: 8px;"">한화에어로스페이스 임원 107명 학력 현황 분석</h2>
  <p style=""line-height: 1.85; margin-bottom: 18px; color: #334155;"">한화에어로스페이스가 공시한 임원 현황(등기·미등기 포함 총 107명)에 따르면, 출신 학교가 확인된 105명 중 <strong>서울대 출신이 17명</strong>으로 가장 큰 비중을 차지했습니다. 그 뒤를 이어 고려대(11명), KAIST(6명), 성균관대·한양대·경북대·부산대(각 5명) 순으로 집계되었습니다.</p>
  <p style=""line-height: 1.85; margin-bottom: 18px; color: #334155;"">이른바 SKY(서울대·연세대·고려대) 출신 임원은 총 32명으로 전체의 30.5%를 기록했습니다. 특히 우주, 항공, 연구개발(R&D) 분야의 특성상 석·박사 학위 소지자의 비중이 높았으며, 박사 학위 소지자 15명 중 서울대(5명), KAIST(3명)뿐만 아니라 UC버클리, 조지아공대 등 해외 명문대 출신 인재들도 다수포진해 있는 것으로 나타났습니다.</p>

  <h2 style=""color: #1e293b; font-size: 1.4rem; margin-top: 30px; margin-bottom: 15px; border-bottom: 2px solid #e2e8f0; padding-bottom: 8px;"">'출신대학 제한' 채용 지침 논란과 노동부 감독</h2>
  <p style=""line-height: 1.85; margin-bottom: 18px; color: #334155;"">임원진의 학력 분포가 조명받는 한편, 최근 기업의 신규 채용 프로세스를 둘러싼 내부 문건 유출이 큰 파장을 일으켰습니다. 문제의 문건에는 서울·판교 근무자 채용 시 국내 특정 11개 대학 및 세계대학 순위 100위 이내 해외 대학 출신으로 지원 자격을 제한하는 내용이 포함되어 있었던 것으로 알려졌습니다.</p>
  <p style=""line-height: 1.85; margin-bottom: 18px; color: #334155;"">이 같은 사실이 보도되자 고용노동부는 즉각적인 감독 착수에 나섰습니다. 노동부는 실제 채용 공고와 내부 기준, 평가 자료 등을 면밀히 분석하여 연령이나 출신 학교에 따른 부당한 차별 요소가 개입되었는지 조사하고 있으며, 위법 사항이 발견될 경우 시정명령 및 과태료 부과 등의 강력한 조치를 취할 방침입니다.</p>

  <h2 style=""color: #1e293b; font-size: 1.4rem; margin-top: 30px; margin-bottom: 15px; border-bottom: 2px solid #e2e8f0; padding-bottom: 8px;"">사측의 공식 사과 및 재발 방지 대책</h2>
  <p style=""line-height: 1.85; margin-bottom: 18px; color: #334155;"">논란이 확산되자 한화에어로스페이스 이부환 대표는 공식 사과문을 발표했습니다. 사측은 직무 수행과 무관한 학력이나 나이를 이유로 지원 기회를 제한하는 가이드라인이 만들어진 것은 명백한 과오이자 결코 있어서는 안 될 일이라고 고개를 숙였습니다.</p>
  <p style=""line-height: 1.85; margin-bottom: 18px; color: #334155;"">이어 해당 가이드라인이 내부 의견 수렴과 검증 절차 없이 현업 부서에 배포된 점을 인정하고, 작성 책임자를 즉각 인사위원회에 회부했다고 밝혔습니다. 아울러 향후 전 임직원을 대상으로 한 공정채용 교육을 대폭 강화하고 채용 프로세스를 전면 쇄신하겠다는 의지를 표명했습니다.</p>

  <div style=""background-color: #f1f5f9; border: 1px solid #cbd5e1; padding: 20px; border-radius: 8px; margin-top: 35px;"">
    <h3 style=""margin-top: 0; color: #0f172a; font-size: 1.15rem;"">💡 에디터 구매 가이드 & 총평</h3>
    <p style=""color: #334155; line-height: 1.7; margin-bottom: 12px;"">기업의 경쟁력은 우수한 인재 확보에서 시작되지만, 그 과정에서 '공정성'과 '절차적 정당성'은 현대 기업 경영에서 타협할 수 없는 가치입니다. 이번 한화에어로스페이스의 학력 제한 논란은 기업들이 글로벌 스탠다드에 걸맞은 투명하고 공정한 채용 시스템을 구축하는 것이 얼마나 중요한지 보여주는 중요한 선례가 될 것입니다.</p>
    <p style=""color: #334155; line-height: 1.7; margin: 0;""><strong>추천 대상자:</strong> 국내 대기업 채용 트렌드 및 인사(HR) 이슈에 관심이 많은 구직자, 방산·모빌리티 산업 생태계 분석가</p>
  </div>",발행완료(워드프레스)
2026-09-29 03:23:40,모터그래프 (Motorgraph),"2026 F1 아제르바이잔 GP: 메르세데스 조지 러셀, 완벽한 폴투윈으로 시즌 3승 달성",https://car.shop-danawa.co.kr/?p=304,idx_44607,"메르세데스 조지 러셀, 아제르바이잔 GP 폴투윈 달성 및 시즌 3승(통산 8승) 기록
패스티스트 랩까지 휩쓸며 압도적인 경기력 증명
메르세데스 팀, 2위와의 격차 160점으로 벌리며 컨스트럭터 선두 독주","<div style=""background-color: #f8fafc; border-left: 4px solid #2563eb; padding: 18px 20px; border-radius: 6px; margin-bottom: 25px;"">
    <h3 style=""margin-top: 0; margin-bottom: 10px; color: #1e293b; font-size: 1.1rem;"">⚡ 이번 소식 핵심 3줄 요약</h3>
    <ul style=""margin: 0; padding-left: 20px; line-height: 1.8; color: #334155;"">
      <li>메르세데스 F1 조지 러셀, 아제르바이잔 GP 우승으로 시즌 3승 및 통산 8승 달성</li>
      <li>폴포지션부터 결승선까지 완벽한 '폴투윈'과 함께 패스티스트 랩까지 석권</li>
      <li>메르세데스 팀, 컨스트럭터 챔피언십 2위와 160점 차이로 압도적 선두 유지</li>
    </ul>
  </div>

  <h2 style=""color: #1e293b; font-size: 1.5rem; margin-top: 30px; margin-bottom: 15px; border-bottom: 2px solid #e2e8f0; padding-bottom: 8px;"">조지 러셀, 아제르바이잔 서킷을 지배하다</h2>
  <p style=""line-height: 1.85; margin-bottom: 18px; color: #334155;"">
    메르세데스-AMG 페트로나스 F1팀의 핵심 드라이버 조지 러셀이 지난 26일(현지시간) 개최된 2026 F1 월드챔피언십 15라운드 아제르바이잔 그랑프리에서 정상을 차지했습니다. 이번 우승으로 러셀은 시즌 3승 고지에 올랐으며, F1 통산 8승이라는 영예를 안게 되었습니다.
  </p>
  <p style=""line-height: 1.85; margin-bottom: 18px; color: #334155;"">
    이번 레이스는 말 그대로 러셀의 독무대였습니다. 전날 진행된 퀄리파잉에서 1분 42초 526이라는 놀라운 랩타임을 기록하며 폴포지션을 거머쥔 그는, 출전 선수 중 유일하게 1분 42초대에 진입하며 압도적인 클래스를 입증했습니다. 이어 본선 레이스에서도 1시간 38분 02초 143의 기록으로 가장 먼저 체크기(체커 플래그)를 받았으며, 경기 중 가장 빠른 기록인 '패스티스트 랩'까지 휩쓰는 완벽한 '폴투윈'을 완성했습니다.
  </p>

  <h3 style=""color: #334155; font-size: 1.25rem; margin-top: 25px; margin-bottom: 12px;"">🏆 아제르바이잔 GP 결승 핵심 기록</h3>
  <ul style=""line-height: 1.8; color: #334155; margin-bottom: 20px;"">
    <li><strong>우승자:</strong> 조지 러셀 (메르세데스-AMG 페트로나스 F1팀)</li>
    <li><strong>기록:</strong> 퀄리파잉 1분 42초 526 / 레이스 최종 기록 1시간 38분 02초 143</li>
    <li><strong>주요 성과:</strong> 폴투윈 달성, 패스티스트 랩 획득, 시즌 3승 (통산 8승)</li>
  </ul>

  <h2 style=""color: #1e293b; font-size: 1.5rem; margin-top: 30px; margin-bottom: 15px; border-bottom: 2px solid #e2e8f0; padding-bottom: 8px;"">최첨단 파워 유닛 품은 메르세데스 W17의 저력</h2>
  <p style=""line-height: 1.85; margin-bottom: 18px; color: #334155;"">
    조지 러셀의 눈부신 질주 뒤에는 메르세데스-AMG F1 W17 E PERFORMANCE 머신의 강력한 성능이 있었습니다. W17은 2026년 대폭 변경된 규정에 맞춰 새롭게 개발된 하이브리드 파워 유닛을 탑재하고 있습니다.
  </p>
  <p style=""line-height: 1.85; margin-bottom: 18px; color: #334155;"">
    특히 메르세데스-AMG 하이 퍼포먼스 파워트레인이 빚어낸 이 새로운 파워 유닛은 차량의 냉각 구조 및 공기역학 설계와 매우 긴밀하게 통합된 것이 특징입니다. 덕분에 높은 회생 제동 구간은 물론이고, 장시간 이어지는 풀 스로틀 주행 환경에서도 뛰어난 열적 안정성과 에너지 효율성을 보장하며 시즌 내내 강력한 경쟁력을 발휘하고 있습니다.
  </p>

  <h2 style=""color: #1e293b; font-size: 1.5rem; margin-top: 30px; margin-bottom: 15px; border-bottom: 2px solid #e2e8f0; padding-bottom: 8px;"">압도적인 팀 포인트, 이어지는 챔피언십 독주 체제</h2>
  <p style=""line-height: 1.85; margin-bottom: 18px; color: #334155;"">
    이번 그랑프리 우승으로 메르세데스-AMG 페트로나스 F1팀은 총 538포인트를 기록하며 컨스트럭터 챔피언십 1위 자리를 더욱 굳건히 지켰습니다. 2위 팀과의 포인트 격차를 무려 160점 차이로 벌리며 이번 시즌 독주 체제를 명확히 했습니다.
  </p>
  <p style=""line-height: 1.85; margin-bottom: 18px; color: #334155;"">
    조지 러셀은 경기 후 인터뷰를 통해 ""레이스 내내 긴장된 순간이 많았지만, F1 커리어 중 가장 뛰어난 경기 중 하나로 꼽을 만큼 멋진 레이스였다""라며 소감을 전했습니다. 이어 ""이 기세를 확실하게 이어 나가 남은 레이스에서도 선두권 경쟁을 놓치지 않도록 최선을 다하겠다""라는 포부를 밝혔습니다.
  </p>
  <p style=""line-height: 1.85; margin-bottom: 18px; color: #334155;"">
    기세를 올린 메르세데스 팀은 이제 10월 2일부터 말레이시아 세팡 인터내셔널 서킷에서 열리는 바레인 그랑프리를 향해 발걸음을 옮깁니다.
  </p>

  <div style=""background-color: #f1f5f9; border: 1px solid #cbd5e1; padding: 20px; border-radius: 8px; margin-top: 35px;"">
    <h3 style=""margin-top: 0; color: #0f172a; font-size: 1.15rem;"">💡 에디터 구매 가이드 & 총평</h3>
    <p style=""margin-bottom: 12px; color: #334155; line-height: 1.7;"">
      2026년 새로운 규정 도입 원년, 메르세데스-AMG 팀은 완벽하게 적응을 마친 것으로 보입니다. 조지 러셀의 노련한 드라이빙과 W17 머신의 공기역학·하이브리드 파워 유닛 조합은 당분간 적수가 없어 보일 정도입니다. 남은 시즌 동안 메르세데스가 이 격차를 어떻게 유지하고 챔피언 타이틀을 확정 지을지 F1 팬들이라면 주목해야 할 포인트입니다.
    </p>
    <div style=""background-color: #ffffff; padding: 12px 15px; border-radius: 6px; border-left: 3px solid #0284c7;"">
      <strong style=""color: #0284c7;"">🎯 모터스포츠 팬 추천 대상:</strong><br>
      <span style=""color: #334155; font-size: 0.950rem;"">2026년 F1 규정 변화와 팀별 파워 유닛 성능 차이에 관심이 많은 분, 그리고 메르세데스 팀의 압도적인 시즌 운영을 지켜보고 싶은 레이싱 마니아분들께 이번 경기는 최고의 관전 포인트입니다.</span>
    </div>
  </div>",발행완료(워드프레스)
2026-09-29 15:14:47,모터그래프 (Motorgraph),"첨단 ADAS의 핵심, 라이다(RADAR) 센서 조립을 완성하는 첨단 접착제 기술",https://car.shop-danawa.co.kr/?p=305,idx_44609,"1. 라이다 센서는 레이돔, 안테나, PCB, 하우징 등 4가지 레이어로 구성되며 각 단계별 정밀한 접착 본딩이 필수적입니다.
2. 듀얼 이니시에이터 기술과 AoF 공정을 통해 열 경화를 대체하고 생산 효율성과 내구성을 극대화합니다.
3. 전자기파 간섭(EMI) 차단 및 열전도성 등 단순 고정을 넘어 다기능을 수행하는 현대 접착제 기술의 혁신을 조명합니다.","<div style=""background-color: #f8fafc; border-left: 4px solid #2563eb; padding: 18px 20px; border-radius: 6px; margin-bottom: 25px;"">
    <h3 style=""margin-top: 0; margin-bottom: 10px; color: #1e293b; font-size: 1.1rem;"">⚡ 이번 소식 핵심 3줄 요약</h3>
    <ul style=""margin: 0; padding-left: 20px; line-height: 1.8; color: #334155;"">
      <li>라이다 센서는 레이돔, 안테나, PCB, 하우징의 4가지 복잡한 레이어로 구성되며 각 단계별 맞춤형 접착 본딩이 적용됩니다.</li>
      <li>광 프리액티베이션과 듀얼 이니시에이터 기술을 통해 열 스트레스를 줄이고 공정 시간을 대폭 단축합니다.</li>
      <li>단순한 부품 고정을 넘어 EMI(전자기 간섭) 실딩, 열전도성, 우수한 기계적 내구성을 동시에 제공합니다.</li>
    </ul>
  </div>

  <p style=""line-height: 1.85; margin-bottom: 18px; color: #334155;"">첨단 운전자 보조 시스템(ADAS)이 자동차 산업의 표준으로 자리 잡은 지 오래입니다. 적응형 크루즈 컨트롤부터 사각지대 감지 기능까지, 오늘날의 자동차는 주변 환경을 스스로 인식하고 제어할 수 있는 경지에 이르렀습니다. 이 모든 기술의 근간에는 <strong>라이다(RADAR) 센서</strong>가 자리하고 있습니다.</p>

  <p style=""line-height: 1.85; margin-bottom: 18px; color: #334155;"">하지만 라이다 기술이 고도화될수록 센서 내부의 구조는 더욱 복잡해지고 있습니다. 수많은 레이어가 유기적으로 작동해야 하는 만큼, 이를 완벽하게 결합하는 제조 공정의 중요성이 날로 커지고 있는데요. 자동차 전문 웹진 수석 에디터로서 오늘은 부품 고정을 넘어 센서의 성능을 좌우하는 <strong>'라이다 접착 본딩 기술'</strong>의 세계를 심층적으로 살펴보겠습니다.</p>

  <h2 style=""color: #1e293b; font-size: 1.5rem; margin-top: 30px; margin-bottom: 15px; border-bottom: 2px solid #e2e8f0; padding-bottom: 8px;"">라이다 센서의 4가지 레이어와 접착제의 역할</h2>
  <p style=""line-height: 1.85; margin-bottom: 18px; color: #334155;"">라이다 센서는 크게 네 가지 기본 레이어로 구분되며, 각 레이어마다 고유한 특성을 가진 접착 공정이 요구됩니다.</p>
  
  <div style=""background-color: #ffffff; border: 1px solid #e2e8f0; border-radius: 8px; padding: 20px; margin-bottom: 25px;"">
    <ul style=""margin: 0; padding-left: 20px; line-height: 1.8; color: #334155;"">
      <li><strong>레이돔 (Radome):</strong> 최상단 레이어로 센서 내부를 외부 환경으로부터 보호</li>
      <li><strong>안테나 (Antenna):</strong> 신호 송수신을 담당하며 안테나 본딩 및 스태킹 공정 적용</li>
      <li><strong>PCB (인쇄 회로 기판):</strong> 라이다 흡수 및 열전도성 접착제 적용, 고급 패키징 및 핀 실링 수행</li>
      <li><strong>하우징 (Housing):</strong> 내부 부품을 보호하고 레이돔과 최종 결합되는 구조물</li>
    </ul>
  </div>

  <h2 style=""color: #1e293b; font-size: 1.5rem; margin-top: 30px; margin-bottom: 15px; border-bottom: 2px solid #e2e8f0; padding-bottom: 8px;"">안테나 본딩과 스태킹의 혁신: 듀얼 이니시에이터 기술</h2>
  <p style=""line-height: 1.85; margin-bottom: 18px; color: #334155;"">안테나 본딩에는 <strong>듀얼 이니시에이터(Dual-initiator) 기술</strong>이 이상적인 솔루션으로 평가받습니다. 이 공정은 광 프리액티베이션(Light Preactivation)과 접합 후 추가적인 UV 고정 방식으로 구성됩니다.</p>
  <p style=""line-height: 1.85; margin-bottom: 18px; color: #334155;"">접착제 도포 직후 빛(UV)에 노출시키면 접합 전에 경화가 활성화됩니다. 이를 통해 기존 열 경화 방식의 한계를 극복하고 낮은 에너지 소비, 최소한의 열 스트레스, 그리고 긴 쿨다운 단계 생략이라는 엄청난 생산 효율성을 확보하게 됩니다. 특히 단 4초 만에 완료되는 UV 고정 덕분에 부품이 즉시 다음 공정으로 이동할 수 있습니다.</p>

  <h3 style=""color: #334155; font-size: 1.25rem; margin-top: 25px; margin-bottom: 12px;"">전자기파 간섭을 막는 EMI 실딩과 스태킹</h3>
  <p style=""line-height: 1.85; margin-bottom: 18px; color: #334155;"">안테나 스태킹 과정에서는 전도성 또는 비전도성 접착 재료가 각 레이어를 단단히 고정합니다. 특히 접착제 내부의 특수 필러는 전자기파에 대한 뛰어난 실딩(Shielding) 효과를 발휘합니다. 이를 통해 3D 안테나 내의 여러 채널이 원치 않는 전자기 영향으로부터 완벽하게 격리되어 신호 송수신 품질이 극대화됩니다.</p>

  <h2 style=""color: #1e293b; font-size: 1.5rem; margin-top: 30px; margin-bottom: 15px; border-bottom: 2px solid #e2e8f0; padding-bottom: 8px;"">차세대 공정 기술: AoF(Activation on the Flow)와 하우징 실링</h2>
  <p style=""line-height: 1.85; margin-bottom: 18px; color: #334155;"">최근 DELO 등 글로벌 접착제 전문 기업들은 접착제를 디스펜싱하는 동시에 활성화하는 <strong>AoF(Activation on the Flow) 기술</strong>을 선보이고 있습니다. 개별 활성화 단계를 없애고 연속적인 2-in-1 공정을 제공하여 복잡한 안테나나 언더컷 부위에서도 완벽한 UV 경화를 지원합니다.</p>
  <p style=""line-height: 1.85; margin-bottom: 18px; color: #334155;"">또한 하우징 본딩에는 파단 연신율 약 500%를 자랑하는 변성 우레탄 폴리머(예: DELO PHOTOBOND LA)가 실리콘의 대안으로 떠오르고 있습니다. -40°C의 극한 저온에서도 유연성과 구조적 안정성을 유지하며, 압력 및 온도 변화가 심한 자동차 환경에서 라이다 센서의 신뢰성을 완벽하게 지켜냅니다.</p>

  <div style=""background-color: #f1f5f9; border-radius: 8px; padding: 22px; margin-top: 35px;"">
    <h3 style=""margin-top: 0; color: #1e293b; font-size: 1.2rem; margin-bottom: 12px;"">💡 에디터 구매 가이드 & 총평</h3>
    <p style=""line-height: 1.8; color: #334155; margin-bottom: 15px;"">자율주행 기술이 고도화될수록 센서의 정확도와 내구성은 곧 탑승자의 안전과 직결됩니다. 눈에 보이지 않는 작은 접착제 선택이 라이다 센서의 EMI 차단 성능, 열 관리, 그리고 전체 수명을 결정하는 핵심 열쇠라는 점은 매우 흥미롭습니다. 완성차 업계와 부품 제조사 모두 단순히 하드웨어 스펙뿐만 아니라 이러한 미세 공정 기술력까지 면밀히 검토해야 할 시점입니다.</p>
    <div style=""border-top: 1px solid #cbd5e1; padding-top: 12px; margin-top: 12px;"">
      <strong style=""color: #0f172a;"">🎯 추천 대상:</strong>
      <span style=""color: #334155;""> 자동차 부품 제조 엔지니어, ADAS 시스템 개발자, 전자기기 패키징 및 신소재 연구원</span>
    </div>
  </div>",발행완료(워드프레스)
2026-09-30 03:04:20,모터그래프 (Motorgraph),"애스턴마틴 밴티지, 후지 6시간 레이스서 대역전극… 시즌 5번째 포디움 달성",https://car.shop-danawa.co.kr/?p=306,idx_44608,"하트 오브 레이싱 팀의 애스턴마틴 밴티지가 후지 6시간 레이스에서 2위를 차지하며 시즌 5번째 포디움을 달성했습니다. 16번 그리드 출발과 추가 중량, 페널티 등 수많은 악재를 딛고 이뤄낸 값진 대역전극으로 챔피언십 타이틀 경쟁에 불을 지폈습니다.","<div style=""background-color: #f8fafc; border-left: 4px solid #2563eb; padding: 18px 20px; border-radius: 6px; margin-bottom: 25px;"">
    <h3 style=""margin-top: 0; margin-bottom: 10px; color: #1e293b; font-size: 1.1rem;"">⚡ 이번 소식 핵심 3줄 요약</h3>
    <ul style=""margin: 0; padding-left: 20px; line-height: 1.8; color: #334155;"">
      <li>하트 오브 레이싱 팀, FIA WEC LMGT3 후지 6시간 레이스서 2위 기록</li>
      <li>16번 그리드 출발, 페널티, 타이어 펑크 등 악재 딛고 막판 대역전극 연출</li>
      <li>올 시즌 5번째 포디움 달성하며 챔피언십 타이틀 경쟁 가시화</li>
    </ul>
  </div>

  <p style=""line-height: 1.85; margin-bottom: 18px; color: #334155;"">모터스포츠 무대에서 진정한 '저력'이 무엇인지 보여주는 명승부가 펼쳐졌습니다. 하트 오브 레이싱 팀(The Heart of Racing Team, THOR)이 후지 6시간 레이스에서 혼전 속 치열한 추격전을 전개한 끝에 2위로 경기를 마쳤습니다. 이로써 애스턴마틴 밴티지는 올 시즌 FIA 세계 내구 선수권(WEC) LMGT3 클래스에서 다섯 번째 포디움 등극이라는 영예를 안았습니다.</p>

  <h2 style=""color: #1e293b; font-size: 1.5rem; margin-top: 30px; margin-bottom: 15px; border-bottom: 2px solid #e2e8f0; padding-bottom: 8px;"">시작부터 꼬였던 레이스, 그러나 포기란 없었다</h2>
  <p style=""line-height: 1.85; margin-bottom: 18px; color: #334155;"">이번 2위 입상이 더욱 극적인 이유는 경기가 시작되기 전부터 수많은 악재가 겹쳤기 때문입니다. 직전 라운드인 론스타 르망 우승으로 인해 #27 밴티지는 18kg의 추가 중량을 안고 경기에 나섰습니다. 설상가상으로 우천 때문에 예선마저 취소되어 연습 주행 기록으로 출발 순서가 정해졌고, 결국 16번 그리드라는 불리한 위치에서 출발할 수밖에 없었습니다.</p>
  <p style=""line-height: 1.85; margin-bottom: 18px; color: #334155;"">그럼에도 불구하고 이안 제임스는 첫 주행 구간에서 매서운 추격전을 벌이며 단숨에 3위까지 순위를 끌어올렸습니다. 하지만 피트레인 페널티와 이어지는 주행 구간에서의 정체, 그리고 경기 종료 1시간을 앞두고 발생한 맥라렌과의 충돌 사고로 왼쪽 뒤 타이어 펑크까지 겹치며 위기를 맞이했습니다.</p>

  <h2 style=""color: #1e293b; font-size: 1.5rem; margin-top: 30px; margin-bottom: 15px; border-bottom: 2px solid #e2e8f0; padding-bottom: 8px;"">마지막 20분의 대반전, 새 타이어의 마법</h2>
  <p style=""line-height: 1.85; margin-bottom: 18px; color: #334155;"">레이스 종료를 30분도 남겨두지 않은 상황, 팀은 승부수를 던졌습니다. 마지막 급유와 함께 타이어 3개를 추가로 교체하는 과감한 피트스톱을 단행한 것입니다. 대부분의 경쟁 팀들이 기존 타이어를 고수했던 것과 대조적인 전략이었습니다.</p>
  <p style=""line-height: 1.85; margin-bottom: 18px; color: #334155;"">마지막 20분을 남기고 레이스가 재개되자마자, 마티아 드루디는 신선한 타이어의 그립을 120% 활용해 앞서 있던 차량들을 순식간에 추월해 나갔습니다. 8위에서 단숨에 2위까지 순위를 끌어올렸고, 우승 팀과 불과 1초 남짓한 차이로 결승선을 통과하며 관중들의 탄성을 자아냈습니다.</p>

  <h3 style=""color: #334155; font-size: 1.25rem; margin-top: 25px; margin-bottom: 12px;"">후지 서킷과의 특별한 인연</h3>
  <p style=""line-height: 1.85; margin-bottom: 18px; color: #334155;"">애스턴마틴 밴티지는 역사상 가장 성공적인 레이스카 중 하나로 꼽힙니다. 특히 후지 서킷과는 남다른 인연을 자랑합니다. 역대 5세대에 걸친 밴티지는 후지에서만 총 17차례 포디움에 올랐으며, 그중 7번을 우승으로 장식했습니다. 이번 결과로 밴티지는 후지에서의 눈부신 역사에 또 하나의 페이지를 추가했습니다.</p>

  <div style=""background-color: #f1f5f9; padding: 20px; border-radius: 8px; margin-top: 30px;"">
    <h3 style=""margin-top: 0; color: #0f172a; font-size: 1.2rem; margin-bottom: 12px;"">💡 에디터 구매 가이드 & 총평</h3>
    <p style=""line-height: 1.85; margin-bottom: 12px; color: #334155;"">애스턴마틴 밴티지 GT3의 이러한 압도적인 트랙 위 경쟁력은 결코 우연이 아닙니다. 이 레이스카는 럭셔리 스포츠카 밴티지 로드카와 동일한 기계적 구조를 바탕으로, 검증된 접착식 알루미늄 섀시와 강력한 4.0리터 V8 트윈터보 엔진을 탑재하고 있습니다. 도로 위에서 느끼는 짜릿한 감성과 서킷을 지배하는 퍼포먼스가 완벽하게 일치하는 모델입니다.</p>
    <p style=""margin: 0; color: #475569; font-weight: 600;"">📌 추천 대상: 일상과 트랙을 모두 아우르는 정통 영국식 하이퍼포먼스 럭셔리 스포츠카의 진수를 소유하고 싶은 마니아.</p>
  </div>",발행완료(워드프레스)
2026-09-30 15:29:09,모터그래프 (Motorgraph),"뷰익 엘렉트라 E7 한국 공식 출시, 1,000km 주행거리 PHEV의 혁신",https://car.shop-danawa.co.kr/?p=307,idx_44620,"뷰익이 한국 시장 진출을 선언하며 첫 번째 모델로 플러그인 하이브리드(PHEV) SUV '엘렉트라 E7'을 공개했습니다.
1.5L 엔진과 모터 조합으로 EV 모드 126km, 통합 주행거리 1,000km 이상을 달성했습니다.
4,300만 원대부터 시작하는 합리적인 가격으로 11월 공식 판매에 돌입합니다.","<div style=""background-color: #f8fafc; border-left: 4px solid #2563eb; padding: 18px 20px; border-radius: 6px; margin-bottom: 25px;"">
    <h3 style=""margin-top: 0; margin-bottom: 10px; color: #1e293b; font-size: 1.1rem;"">⚡ 이번 소식 핵심 3줄 요약</h3>
    <ul style=""margin: 0; padding-left: 20px; line-height: 1.8; color: #334155;"">
      <li>제너럴모터스(GM)의 프리미엄 브랜드 '뷰익'이 한국 시장 진출을 공식 선언했습니다.</li>
      <li>첫 주자 엘렉트라 E7은 1회 충전 및 주유 시 1,000km 이상 주행 가능한 PHEV SUV입니다.</li>
      <li>4,300만 원대부터 시작하는 가격 경쟁력을 갖추고 11월 본격 판매를 시작합니다.</li>
    </ul>
  </div>

  <p style=""line-height: 1.85; margin-bottom: 18px; color: #334155;"">제너럴모터스(GM)의 글로벌 프리미엄 브랜드 <strong>뷰익(Buick)</strong>이 국내 시장 진출을 전격 선언했습니다. 북미에 이어 세계에서 두 번째로 한국을 거점으로 낙점한 뷰익은, 브랜드의 새로운 미래를 이끌어갈 첫 번째 모델로 <strong>'엘렉트라 E7(Electra E7)'</strong>을 전격 공개하며 국내 자동차 시장에 신선한 충격을 주고 있습니다.</p>

  <h2 style=""color: #1e293b; margin-top: 30px; margin-bottom: 15px; font-size: 1.4rem;"">유려한 조형미와 공간 활용성이 돋보이는 외관 디자인</h2>
  <p style=""line-height: 1.85; margin-bottom: 18px; color: #334155;"">뷰익의 최신 디자인 철학인 '조형미(Sculptural Beauty)'를 반영한 엘렉트라 E7은 대담한 샤크 노즈 프런트 페시아와 시그니처 갤럭시 윙 헤드램프를 통해 미래지향적인 프리미엄 SUV의 정체성을 뽐냅니다. 공기역학적 유선형 차체 설계로 스타일과 고효율을 동시에 잡았습니다.</p>
  
  <div style=""background-color: #f1f5f9; padding: 15px 20px; border-radius: 6px; margin-bottom: 20px;"">
    <h4 style=""margin-top: 0; color: #0f172a;"">📐 엘렉트라 E7 주요 차체 제원</h4>
    <ul style=""margin: 0; padding-left: 20px; line-height: 1.7; color: #334155;"">
      <li><strong>전장:</strong> 4,850 mm</li>
      <li><strong>전폭:</strong> 1,910 mm</li>
      <li><strong>전고:</strong> 1,675 mm</li>
      <li><strong>휠베이스:</strong> 2,850 mm</li>
    </ul>
  </div>

  <h2 style=""color: #1e293b; margin-top: 30px; margin-bottom: 15px; font-size: 1.4rem;"">서울에서 부산까지 무주유 왕복, 1,000km 주행거리의 PHEV 시스템</h2>
  <p style=""line-height: 1.85; margin-bottom: 18px; color: #334155;"">가장 주목할 부분은 단연 파워트레인입니다. 1.5리터 자연흡기 엔진과 165kW 구동 모터가 결합된 플러그인 하이브리드(PHEV) 시스템을 탑재해 전기차의 부드러운 정숙성과 내연기관의 장거리 주행 편의성을 모두 만족시킵니다.</p>
  <p style=""line-height: 1.85; margin-bottom: 18px; color: #334155;"">최대 31.7kWh 배터리를 탑재해 <strong>EV 모드만으로 복합 기준 126km</strong>를 달릴 수 있으며, 엔진과 모터를 동시에 활용할 경우 <strong>총 1,000km 이상의 통합 주행거리</strong>를 자랑합니다. 여기에 DC 급속충전 기능을 지원해 30%에서 80%까지 약 20분 만에 충전이 가능합니다.</p>

  <h2 style=""color: #1e293b; margin-top: 30px; margin-bottom: 15px; font-size: 1.4rem;"">이동을 휴식으로 바꾸는 프리미엄 실내 라운지</h2>
  <p style=""line-height: 1.85; margin-bottom: 18px; color: #334155;"">엘렉트라 E7의 실내는 단순한 이동 수단을 넘어선 휴식 공간을 지향합니다. 동승석 무중력 모드, 2열 전동 리클라이닝, 시트들을 연결하는 '퀸 베드 모드' 등 차별화된 편의 사양이 탑재되었습니다. 아울러 15.6인치 대형 센터 디스플레이, 빌트인 냉온장고, V2L(Vehicle-to-Load) 기능까지 지원해 아웃도어 환경에서도 뛰어난 활용성을 보여줍니다.</p>

  <h2 style=""color: #1e293b; margin-top: 30px; margin-bottom: 15px; font-size: 1.4rem;"">가격 및 향후 일정</h2>
  <p style=""line-height: 1.85; margin-bottom: 18px; color: #334155;"">총 4개 트림으로 구성되는 뷰익 엘렉트라 E7은 <strong>4,300만 원대부터 5,400만 원대</strong>라는 파격적인 가격으로 책정되어 11월 본격적인 판매에 돌입합니다. 이에 앞서 10월 2일부터 서울, 경기, 부산, 대전 등 전국 4개 권역에서 팝업 스토어가 운영되며, 공식 웹사이트를 통해 사전 예약이 진행 중입니다.</p>

  <div style=""background-color: #eff6ff; border: 1px solid #bfdbfe; padding: 20px; border-radius: 8px; margin-top: 30px;"">
    <h3 style=""margin-top: 0; color: #1e40af; font-size: 1.1rem;"">💡 에디터 구매 가이드 & 총평</h3>
    <p style=""line-height: 1.7; color: #1e3a8a; margin-bottom: 12px;"">전기차의 충전 스트레스와 내연기관의 유류비 부담 사이에서 고민하던 소비자들에게 뷰익 엘렉트라 E7은 완벽한 대안이 될 수 있습니다. 특히 출퇴근은 순수 전기 주행으로 해결하고, 주말 장거리 여행은 주유 한 번으로 해결하는 스마트한 라이프스타일을 원한다면 놓쳐서는 안 될 모델입니다.</p>
    <p style=""margin: 0; font-weight: bold; color: #1e40af;"">🎯 추천 대상: 1회 충전 주행거리가 아쉬웠던 전기차 예비 오너, 도심 출퇴근과 캠핑 등 여가를 모두 잡고 싶은 스마트한 패밀리카 구매자</p>
  </div>",발행완료(워드프레스)
2026-10-01 03:10:16,모터그래프 (Motorgraph),"포르쉐 두 번째 순수 전기 SUV '카이엔 일렉트릭' 국내 상륙: 최고출력 1,156마력의 압도적 스펙과 가격",https://car.shop-danawa.co.kr/?p=308,idx_44619,"1. 포르쉐코리아가 두 번째 순수 전기 SUV '카이엔 일렉트릭'을 국내 공식 출시했습니다.
2. 최상위 카이엔 터보 일렉트릭은 런치 컨트롤 시 최고출력 1,156마력, 제로백 2.5초의 폭발적인 성능을 발휘합니다.
3. 113 kWh 배터리와 800V 기술을 적용해 10%에서 80%까지 16분 만에 충전 가능하며, 국내 출시 가격은 1억 4,230만 원부터 시작합니다.","<div style=""background-color: #f8fafc; border-left: 4px solid #2563eb; padding: 18px 20px; border-radius: 6px; margin-bottom: 25px;"">
    <h3 style=""margin-top: 0; margin-bottom: 10px; color: #1e293b; font-size: 1.1rem;"">⚡ 이번 소식 핵심 3줄 요약</h3>
    <ul style=""margin: 0; padding-left: 20px; line-height: 1.8; color: #334155;"">
      <li>포르쉐코리아, 브랜드 두 번째 순수 전기 SUV '카이엔 일렉트릭' 국내 공식 출시</li>
      <li>카이엔 터보 일렉트릭 최고출력 1,156마력, 제로백 2.5초의 슈퍼카 급 퍼포먼스 자랑</li>
      <li>800V 고속 충전 기술 적용으로 10%->80% 충전 단 16분 소요, 국내 판매가 1억 4,230만 원부터</li>
    </ul>
  </div>

  <p style=""line-height: 1.85; margin-bottom: 18px; color: #334155;"">포르쉐코리아가 브랜드의 핵심 베스트셀러이자 두 번째 순수 전기 SUV인 <strong>'카이엔 일렉트릭(Cayenne Electric)'</strong>을 드디어 국내 시장에 선보였습니다. 지난 3월 신년 간담회에서 최초 공개된 이후 수많은 포르쉐 팬들의 기대를 한 몸에 받아온 모델인 만큼, 이번 공식 출시는 국내 럭셔리 전기차 시장에 큰 지각변동을 일으킬 것으로 전망됩니다.</p>

  <h2 style=""color: #1e293b; border-bottom: 2px solid #e2e8f0; padding-bottom: 8px; margin-top: 35px; margin-bottom: 20px;"">포르쉐의 전동화 기술이 집약된 압도적 성능</h2>
  <p style=""line-height: 1.85; margin-bottom: 18px; color: #334155;"">이번에 출시되는 라인업은 최상위 모델인 <strong>카이엔 터보 일렉트릭</strong>을 필두로 <strong>카이엔 S 일렉트릭</strong>, <strong>카이엔 일렉트릭</strong>이며, 향후 쿠페 모델도 순차적으로 투입될 예정입니다.</p>
  <p style=""line-height: 1.85; margin-bottom: 18px; color: #334155;"">특히 최상위 트림인 카이엔 터보 일렉트릭은 새롭게 개발된 드라이브 시스템을 탑재해 런치 컨트롤 시 <strong>최고출력 1,156마력, 최대토크 153.0 kg∙m</strong>라는 엄청난 출력을 뿜어냅니다. 정지상태에서 100km/h(제로백)까지 단 2.5초 만에 주파하며, 최고속도는 260km/h에 달합니다. 엔트리 모델인 카이엔 일렉트릭 역시 최고출력 442마력, 제로백 4.8초로 결코 부족함 없는 성능을 발휘합니다.</p>

  <h3 style=""color: #334155; margin-top: 25px; margin-bottom: 15px;"">핵심 제원 비교</h3>
  <ul style=""line-height: 1.8; color: #334155; margin-bottom: 20px;"">
    <li><strong>카이엔 일렉트릭:</strong> 최고출력 442마력 / 최대토크 85 kg∙m / 제로백 4.8초 / 최대 주행거리 512km</li>
    <li><strong>카이엔 터보 일렉트릭:</strong> 최고출력 1,156마력 / 최대토크 153 kg∙m / 제로백 2.5초 / 최대 주행거리 468km</li>
    <li><strong>차체 크기:</strong> 전장 4,985mm / 전폭 1,980mm / 전고 1,674mm / 휠베이스 3,023mm</li>
  </ul>

  <h2 style=""color: #1e293b; border-bottom: 2px solid #e2e8f0; padding-bottom: 8px; margin-top: 35px; margin-bottom: 20px;"">초고속 충전과 최첨단 섀시 테크놀로지</h2>
  <p style=""line-height: 1.85; margin-bottom: 18px; color: #334155;"">카이엔 일렉트릭에는 양면 냉각 기술이 적용된 <strong>113 kWh 고전압 배터리</strong>가 탑재되었습니다. 800V 충전 기술을 기반으로 최대 390kW(최적 조건 시 최대 400kW)의 초고속 충전을 지원하여, 배터리 잔량 10%에서 80%까지 충전하는 데 <strong>16분이 채 걸리지 않습니다.</strong></p>
  <p style=""line-height: 1.85; margin-bottom: 18px; color: #334155;"">여기에 포르쉐 최초로 최대 11 kW 출력의 <strong>무선 충전 옵션</strong>을 지원하며, 어댑티브 에어 서스펜션, PASM, 최대 5도 조향이 가능한 리어 액슬 스티어링을 기본 장착해 묵직하면서도 날렵한 주행 감성을 완성했습니다. 터보 모델에는 포르쉐 액티브 라이드(PAR) 서스펜션이 카이엔 최초로 적용되어 승차감과 핸들링의 극한을 선사합니다.</p>

  <h2 style=""color: #1e293b; border-bottom: 2px solid #e2e8f0; padding-bottom: 8px; margin-top: 35px; margin-bottom: 20px;"">넓어진 실내 공간과 최첨단 디지털 인터페이스</h2>
  <p style=""line-height: 1.85; margin-bottom: 18px; color: #334155;"">내연기관 모델 대비 약 130mm 늘어난 3,023mm의 휠베이스 덕분에 뒷좌석 거주성과 편의성이 대폭 강화되었습니다. 기본 적재 용량은 최대 1,588ℓ이며, 프런트 트렁크(90ℓ)와 오프로드 패키지 선택 시 최대 3.5톤의 견인력까지 확보해 실용성도 놓치지 않았습니다.</p>
  <p style=""line-height: 1.85; margin-bottom: 18px; color: #334155;"">실내는 14.25인치 OLED 계기판과 14.9인치 조수석 디스플레이를 포함하는 '포르쉐 드라이버 익스피리언스'를 중심으로 구성되었으며, 포르쉐 최초로 증강현실(AR) 헤드업 디스플레이가 적용되어 미래지향적인 디지털 경험을 제공합니다.</p>

  <h2 style=""color: #1e293b; border-bottom: 2px solid #e2e8f0; padding-bottom: 8px; margin-top: 35px; margin-bottom: 20px;"">국내 출시 가격</h2>
  <p style=""line-height: 1.85; margin-bottom: 18px; color: #334155;"">포르쉐 카이엔 일렉트릭의 국내 공식 판매 가격은 트림별로 다음과 같습니다.</p>
  <ul style=""line-height: 1.8; color: #334155; margin-bottom: 25px;"">
    <li><strong>카이엔 일렉트릭:</strong> 1억 4,230만 원부터</li>
    <li><strong>카이엔 터보 일렉트릭:</strong> 1억 8,960만 원부터</li>
  </ul>

  <div style=""background-color: #f0fdf4; border-left: 4px solid #16a34a; padding: 18px 20px; border-radius: 6px; margin-top: 30px;"">
    <h3 style=""margin-top: 0; margin-bottom: 10px; color: #166534; font-size: 1.1rem;"">💡 에디터 구매 가이드 & 총평</h3>
    <p style=""margin-bottom: 10px; color: #15803d; line-height: 1.7;"">카이엔 일렉트릭은 포르쉐가 전기차 시에서도 브랜드 고유의 '달리는 즐거움'을 타협하지 않았음을 증명하는 역작입니다. 압도적인 출력과 초고속 충전 편의성, 넓어진 휠베이스의 실용성까지 갖추어 럭셔리 전기 SUV 시장의 강력한 게임 체인저가 될 것입니다.</p>
    <p style=""margin: 0; color: #15803d; font-weight: bold;"">🎯 추천 대상: 슈퍼카 수준의 퍼포먼스를 내는 데일리 럭셔리 전기 SUV를 찾는 자산가, 최신 디지털 기술과 넉넉한 공간을 모두 포기할 수 없는 패밀리 드라이버</p>
  </div>",발행완료(워드프레스)
2026-10-01 15:51:18,모터그래프 (Motorgraph),"기아 스포티지, 독일 3대 자동차 전문지 아우토 빌트 비교 평가서 마쓰다 CX-5 압도하며 종합 1위 달성",https://car.shop-danawa.co.kr/?p=309,idx_44635,"1. 기아 스포티지가 독일 아우토 빌트 가솔린 준중형 SUV 비교 평가에서 마쓰다 CX-5를 17점 차로 제치고 우승을 차지했습니다.
2. 총 7개 평가 항목 중 차체, 편의성, 파워트레인, 주행성능, 경제성 등 무려 5개 부문에서 우위를 점했습니다.
3. 독일뿐만 아니라 영국의 왓 카?, 미국의 U.S. 뉴스 등 글로벌 유력 매체들로부터 연이어 최고의 찬사를 받고 있습니다.","<div style=""background-color: #f8fafc; border-left: 4px solid #2563eb; padding: 18px 20px; border-radius: 6px; margin-bottom: 25px;"">
    <h3 style=""margin-top: 0; margin-bottom: 10px; color: #1e293b; font-size: 1.1rem;"">⚡ 이번 소식 핵심 3줄 요약</h3>
    <ul style=""margin: 0; padding-left: 20px; line-height: 1.8; color: #334155;"">
      <li>기아 스포티지가 독일 아우토 빌트 가솔린 준중형 SUV 비교 평가에서 마쓰다 CX-5를 17점 차로 제치고 우승을 차지했습니다.</li>
      <li>총 7개 평가 항목 중 차체, 편의성, 파워트레인, 주행성능, 경제성 등 무려 5개 부문에서 우위를 점했습니다.</li>
      <li>독일뿐만 아니라 영국의 왓 카?, 미국의 U.S. 뉴스 등 글로벌 유력 매체들로부터 연이어 최고의 찬사를 받고 있습니다.</li>
    </ul>
  </div>

  <p style=""line-height: 1.85; margin-bottom: 18px; color: #334155;"">안녕하세요! 대한민국 자동차의 저력을 전 세계에 알리고 있는 기쁜 소식을 들고 찾아왔습니다. 자동차 산업의 본고장인 독일에서 대한민국 준중형 SUV의 대명사, 기아 스포티지가 또 한 번 눈부신 성과를 거두었는데요. 유력 자동차 전문지의 까다로운 비교 평가를 완벽하게 통과하며 글로벌 시장에서의 독보적인 경쟁력을 입증했습니다. 자세한 소식 함께 살펴보시죠.</p>

  <h2 style=""color: #1e293b; margin-top: 30px; margin-bottom: 15px; font-size: 1.4rem;"">독일 3대 자동차 전문지 '아우토 빌트', 스포티지의 손을 들어주다</h2>
  <p style=""line-height: 1.85; margin-bottom: 18px; color: #334155;"">독일의 <storng>아우토 빌트(AUTO BILD)</storng>는 아우토 모토 운트 슈포트, 아우토 자이퉁과 함께 독일 3대 자동차 전문지로 꼽히는 권위 있는 매체입니다. 유럽 소비자들이 신차를 구매할 때 가장 신뢰하는 지표 중 하나이기도 하죠.</p>
  <p style=""line-height: 1.85; margin-bottom: 18px; color: #334155;"">이번에 진행된 가솔린 준중형 SUV 비교 평가에서 기아 스포티지는 마쓰다 CX-5와 치열한 각 공 끝에 <strong>총점 569점</strong>을 획득, 552점에 그친 CX-5를 17점 차로 여유 있게 따돌리며 종합 1위를 차지했습니다. 지난 7월 또 다른 유력 매체인 '아우토 모토 운트 슈포트'에서의 1위 석권에 이은 연이은 쾌거입니다.</p>

  <h2 style=""color: #1e293b; margin-top: 30px; margin-bottom: 15px; font-size: 1.4rem;"">7가지 평가 항목 중 5개 부문 압승... 어디서 차이가 났을까?</h2>
  <p style=""line-height: 1.85; margin-bottom: 18px; color: #334155;"">아우토 빌트는 차체, 편의성, 파워트레인, 주행성능, 커넥티드 카, 친환경성, 경제성 등 총 7가지 세부 항목을 바탕으로 차량을 검증했습니다. 스포티지는 이 중 <span style=""background-color: #e0f2fe; padding: 2px 6px; border-radius: 4px; color: #0369a1; font-weight: 600;"">차체, 편의성, 파워트레인, 주행성능, 경제성</span> 등 5개 핵심 부문에서 마쓰다 CX-5를 압도했습니다.</p>

  <h3 style=""color: #334155; margin-top: 25px; margin-bottom: 10px; font-size: 1.2rem;"">1. 공간 활용성과 차체 (스포티지 95점 vs CX-5 93점)</h3>
  <p style=""line-height: 1.85; margin-bottom: 18px; color: #334155;"">스포티지는 최대 593kg에 달하는 넉넉한 적재 중량과 더불어 뒷좌석 등받이 원터치 해제 기능, 조절식 적재공간 바닥 등을 탑재해 패밀리 SUV로서 필수적인 공간 활용성 면에서 높은 점수를 받았습니다.</p>

  <h3 style=""color: #334155; margin-top: 25px; margin-bottom: 10px; font-size: 1.2rem;"">2. 실내 정숙성과 편의성 (스포티지 114점 vs CX-5 108점)</h3>
  <p style=""line-height: 1.85; margin-bottom: 18px; color: #334155;"">시트의 안락함, 직관적인 조작 편의성, 그리고 뛰어난 승차감과 실내 정숙성 부문에서 큰 격차를 벌렸습니다. 장거리 운행 시 피로도를 현저히 낮춰주는 요소들입니다.</p>

  <h3 style=""color: #334155; margin-top: 25px; margin-bottom: 10px; font-size: 1.2rem;"">3. 파워트레인 및 동력 성능 (스포티지 91점 vs CX-5 85점)</h3>
  <p style=""line-height: 1.85; margin-bottom: 18px; color: #334155;"">정지 상태에서 시속 100km까지 도달하는 시간은 9.2초로 경쟁사(10.6초)보다 빨랐으며, 일상 주행에서 빈번하게 쓰이는 시속 80~120km 추월 가속 테스트에서도 6.4초를 기록해 CX-5(8.4초)를 무려 2초나 앞지르며 민첩한 가속력을 과시했습니다.</p>

  <h3 style=""color: #334155; margin-top: 25px; margin-bottom: 10px; font-size: 1.2rem;"">4. 주행 및 제동 성능 (스포티지 75점 vs CX-5 69점)</h3>
  <p style=""line-height: 1.85; margin-bottom: 18px; color: #334155;"">기동성과 민첩한 조향 성능은 물론 제동력에서도 완승을 거뒀습니다. 시속 100km에서 완전히 정지할 때까지의 제동거리는 냉간 및 열간 조건에서 각각 34.6m, 34.4m를 기록하여 CX-5(36.1m, 35.6m)보다 훨씬 짧은 제동 거리를 보여주었습니다.</p>

  <h3 style=""color: #334155; margin-top: 25px; margin-bottom: 10px; font-size: 1.2rem;"">5. 경제성 및 보증 조건 (스포티지 88점 vs CX-5 81점)</h3>
  <p style=""line-height: 1.85; margin-bottom: 18px; color: #334155;"">차량 가격, 유지보수 비용, 보험 및 잔존가치 등을 종합한 경제성 평가에서도 우위를 점했습니다. 특히 아우토 빌트는 기아가 제공하는 <strong>7년 또는 15만km의 파격적인 보증 조건</strong>을 매우 높게 평가했습니다.</p>

  <h2 style=""color: #1e293b; margin-top: 30px; margin-bottom: 15px; font-size: 1.4rem;"">유럽을 넘어 전 세계서 인정한 '패밀리 SUV 교과서'</h2>
  <p style=""line-height: 1.85; margin-bottom: 18px; color: #334155;"">아우토 빌트는 스포티지에 대해 <q style=""font-style: italic; color: #475569;"">""긴 보증을 제공하며 일상에서 편리하게 이용할 수 있는 준중형 SUV""</q>라고 호평하며, <q style=""font-style: italic; color: #475569;"">""두 차 가운데 기아가 전반적으로 조금 더 현대적으로 느껴진다""</q>고 총평을 남겼습니다.</p>
  <p style=""line-height: 1.85; margin-bottom: 18px; color: #334155;"">독일뿐만이 아닙니다. 영국의 저명한 자동차 매체 왓 카?(What Car?)는 스포티지를 2025년 '최고의 패밀리 SUV'에 이어 2026년에도 '올해의 패밀리 SUV'로 연이어 선정했습니다. 아울러 미국의 U.S. 뉴스 앤드 월드 리포트 및 카즈닷컴에서도 최고의 하이브리드 모델로 선정되는 등 글로벌 무대에서 전천후 완성도를 증명하고 있습니다.</p>

  <div style=""background-color: #f1f5f9; padding: 22px; border-radius: 8px; margin-top: 35px; border: 1px solid #cbd5e1;"">
    <h3 style=""margin-top: 0; color: #0f172a; font-size: 1.2rem; margin-bottom: 12px;"">💡 에디터 구매 가이드 & 총평</h3>
    <p style=""line-height: 1.8; color: #334155; margin-bottom: 15px;"">이번 독일 아우토 빌트의 비교 평가는 단순한 승패를 넘어, 전 세계 자동차의 심장부라 불리는 유럽 시장에서 국산 준중형 SUV의 기술력과 감성 품질이 명실상부한 '세계 최고 수준'에 올랐음을 보여주는 명백한 증거입니다. 뛰어난 공간감과 안락한 승차감, 강력한 주행 및 제동 성능까지 겸비한 스포티지는 왜 이 차가 글로벌 베스트셀러일 수밖에 없는지 스스로 증명해 보였습니다.</p>
    <p style=""font-weight: 600; color: #1e293b; margin-bottom: 8px;"">🎯 이런 분들께 강력 추천합니다:</p>
    <ul style=""margin: 0; padding-left: 20px; line-height: 1.8; color: #334155;"">
      <li>패밀리 드라이빙과 일상 출퇴근을 모두 만족시키는 완성도 높은 SUV를 찾는 분</li>
      <li>동급 최고 수준의 안전성(제동력)과 경쾌한 주행 성능을 중시하는 운전자</li>
      <li>넉넉한 적재 공간과 뛰어난 공간 활용성을 필요로 하는 캠핑 및 레저족</li>
    </ul>
  </div>",발행완료(워드프레스)
2026-10-03 14:04:53,모터그래프 (Motorgraph),"BMW 코리아, 10월 온라인 한정 에디션 출시... i5·iX 전용 컬러로 소장 가치 높였다",https://car.shop-danawa.co.kr/?p=310,idx_44638,"1. BMW 코리아가 10월 8일 오후 3시, 'BMW 샵 온라인'을 통해 10월 한정 에디션 2종을 출시합니다.
2. 순수 전기 세단 i5 xDrive40 M 스포츠 파이토닉 블루 에디션은 10대 한정(1억 700만 원)으로 판매됩니다.
3. 플래그십 전기 SAV iX xDrive45 M 스포츠 프로 스페이스 실버 에디션은 30대 한정(1억 2,960만 원)으로 선보입니다.","<div style=""background-color: #f8fafc; border-left: 4px solid #2563eb; padding: 18px 20px; border-radius: 6px; margin-bottom: 25px;"">
    <h3 style=""margin-top: 0; margin-bottom: 10px; color: #1e293b; font-size: 1.1rem;"">⚡ 이번 소식 핵심 3줄 요약</h3>
    <ul style=""margin: 0; padding-left: 20px; line-height: 1.8; color: #334155;"">
      <li>BMW 코리아가 오는 10월 8일 오후 3시, 온라인 샵을 통해 한정판 전기차 2종을 출시합니다.</li>
      <li>특별한 외장 컬러와 M 전용 디자인이 적용된 i5 및 iX 기반 모델로 구성되었습니다.</li>
      <li>각각 10대, 30대 한정 수량으로 판매되어 높은 소장 가치를 자랑합니다.</li>
    </ul>
  </div>

  <p style=""line-height: 1.85; margin-bottom: 18px; color: #334155;"">안녕하세요, 자동차 전문 에디터입니다. BMW 코리아가 매달 독창적인 감성과 한정판 가치를 담아 선보이는 온라인 한정 에디션의 10월 라인업이 공개되었습니다. 이번 달에는 브랜드의 핵심 순수 전기 모델인 <strong>BMW i5</strong>와 <strong>BMW iX</strong>를 기반으로 한 특별한 두 대의 모델이 주인공인데요. 오직 공식 온라인 판매 채널인 'BMW 샵 온라인'을 통해서만 만나볼 수 있는 이번 신차 소식을 자세히 살펴보겠습니다.</p>

  <h2 style=""color: #1e293b; border-bottom: 2px solid #e2e8f0; padding-bottom: 8px; margin-top: 30px; margin-bottom: 15px;"">1. BMW i5 xDrive40 M 스포츠 파이토닉 블루 에디션</h2>
  <p style=""line-height: 1.85; margin-bottom: 18px; color: #334155;"">프리미엄 순수 전기 세단 i5를 기반으로 한 이번 한정판은 깊이감 있는 외장 컬러가 가장 먼저 눈길을 사로잡습니다. 차체에 적용된 <strong>'파이토닉 블루 메탈릭'</strong> 색상은 세련미와 스포티한 감성을 동시에 전달하며, 20인치 바이컬러 블랙 그레이 휠과 다크 블루 메탈릭 캘리퍼의 M 스포츠 브레이크가 조화를 이룹니다. 여기에 키드니 그릴 테두리의 '아이코닉 글로우'가 더해져 전면부의 존재감을 확실히 드러냅니다.</p>

  <h3 style=""color: #334155; margin-top: 20px; margin-bottom: 10px;"">핵심 제원 및 특징</h3>
  <ul style=""line-height: 1.8; color: #334155; margin-bottom: 20px;"">
    <li><strong>파워트레인:</strong> 5세대 eDrive, 합산 최고출력 394마력, 최대토크 60.1kg·m</li>
    <li><strong>가속 성능 (0-100km/h):</strong> 5.4초</li>
    <li><strong>1회 충전 주행 거리:</strong> 412km (국내 인증 기준)</li>
    <li><strong>주요 편의사양:</strong> 어댑티브 서스펜션 프로페셔널(인테그럴 액티브 스티어링 포함), 바워스 & 윌킨스 서라운드 사운드 시스템</li>
    <li><strong>가격 및 수량:</strong> 1억 700만 원 (총 10대 한정)</li>
  </ul>

  <h2 style=""color: #1e293b; border-bottom: 2px solid #e2e8f0; padding-bottom: 8px; margin-top: 30px; margin-bottom: 15px;"">2. BMW iX xDrive45 M 스포츠 프로 스페이스 실버 에디션</h2>
  <p style=""line-height: 1.85; margin-bottom: 18px; color: #334155;"">브랜드의 플래그십 순수 전기 SAV인 iX 기반의 모델은 도시적인 세련미를 극대화했습니다. 은은한 광택의 <strong>'스페이스 실버 메탈릭'</strong> 차체에 어둡게 마감된 M 라이트 섀도우라인과 강렬한 레드 캘리퍼가 대비를 이루며 역동적인 매력을 발산합니다. 실내는 마사지 기능이 포함된 M 다기능 시트와 크리스털 글라스 소재 제어부로 플래그십다운 최상의 안락함을 제공합니다.</p>

  <h3 style=""color: #334155; margin-top: 20px; margin-bottom: 10px;"">핵심 제원 및 특징</h3>
  <ul style=""line-height: 1.8; color: #334155; margin-bottom: 20px;"">
    <li><strong>파워트레인:</strong> 합산 최고출력 408마력, 최대토크 71.4kg·m (사륜구동 xDrive)</li>
    <li><strong>가속 성능 (0-100km/h):</strong> 5.1초</li>
    <li><strong>1회 충전 주행 거리:</strong> 446km (국내 인증 기준)</li>
    <li><strong>주요 편의사양:</strong> 파노라마 글라스 루프 스카이라운지, 하만 카돈 서라운드 사운드, 드라이빙 어시스턴트 프로페셔널</li>
    <li><strong>가격 및 수량:</strong> 1억 2,960만 원 (총 30대 한정)</li>
  </ul>

  <div style=""background-color: #f1f5f9; border: 1px solid #cbd5e1; padding: 20px; border-radius: 8px; margin-top: 35px;"">
    <h3 style=""margin-top: 0; color: #0f172a; font-size: 1.2rem;"">💡 에디터 구매 가이드 & 총평</h3>
    <p style=""line-height: 1.85; color: #334155; margin-bottom: 15px;"">이번 10월 BMW 코리아 온라인 한정 에디션은 남들과는 차별화된 외장 컬러와 풍부한 M 전용 옵션을 선호하는 소비자들에게 매우 매력적인 선택지입니다. 특히 i5는 고성능 세단의 민첩한 주행감을, iX는 플래그십 전기 SAV의 압도적인 공간감과 안락함을 선사합니다.</p>
    <p style=""margin: 0; font-weight: bold; color: #2563eb;"">🎯 이런 분께 추천합니다:<br>
    - 도로 위에서 흔하게 볼 수 없는 유니크한 BMW 전기차를 소장하고 싶으신 분<br>
    - M 스포츠 패키지와 최고급 사양(바워스 & 윌킨스, 스카이라운지 등)이 기본 적용된 모델을 원하시는 분</p>
  </div>",발행완료(워드프레스)
2026-10-04 03:27:13,모터그래프 (Motorgraph),"브리지스톤, 포뮬러 E GEN4 단독 타이어 공급사 선정… 2026/27 시즌 새로운 도약",https://car.shop-danawa.co.kr/?p=311,idx_44640,"1. 브리지스톤이 2026/27 시즌부터 ABB FIA 포뮬러 E 월드 챔피언십의 공식 단독 타이어 공급사로 합류합니다.
2. 최고 출력 815마력, 시속 100km 도달 1.8초의 차세대 GEN4 레이스카를 위한 '포텐자 GEN4' 타이어를 공개했습니다.
3. 재생 가능 소재 65% 사용 및 100% 재생에너지 생산 공정을 적용해 지속가능성까지 극대화했습니다.","<div style=""background-color: #f8fafc; border-left: 4px solid #2563eb; padding: 18px 20px; border-radius: 6px; margin-bottom: 25px;"">
    <h3 style=""margin-top: 0; margin-bottom: 10px; color: #1e293b; font-size: 1.1rem;"">⚡ 이번 소식 핵심 3줄 요약</h3>
    <ul style=""margin: 0; padding-left: 20px; line-height: 1.8; color: #334155;"">
      <li>브리지스톤, 2026/27 시즌부터 포뮬러 E 월드 챔피언십 공식 단독 타이어 공급사 활약</li>
      <li>최고 출력 815마력의 괴물 전기 레이스카 'GEN4' 전용 포텐자 타이어 개발</li>
      <li>재생·재활용 소재 65% 적용 및 제조 공정 탄소 중립 실현으로 지속가능성 강화</li>
    </ul>
  </div>

  <p style=""line-height: 1.85; margin-bottom: 18px; color: #334155;"">글로벌 타이어 기업 브리지스톤(Bridgestone)이 모터스포츠 무대에서 다시 한번 기술력의 진수를 선보입니다. 브리지스톤은 오는 2026/27 시즌부터 순수 전기 모터스포츠의 최고봉인 <strong>'ABB FIA 포뮬러 E 월드 챔피언십(ABB FIA Formula E World Championship)'</strong>의 공식 단독 타이어 공급사로 새로운 여정을 시작한다고 밝혔습니다.</p>

  <h2 style=""color: #1e293b; margin-top: 30px; margin-bottom: 15px; font-size: 1.4rem;"">포뮬러 E 역사상 가장 강력한 차세대 레이스카, GEN4</h2>
  <p style=""line-height: 1.85; margin-bottom: 18px; color: #334155;"">이번 파트너십이 더욱 주목받는 이유는 바로 포뮬러 E 역사상 가장 강력하고 빠른 성능을 자랑하는 차세대 레이스카 <strong>'GEN4'</strong>가 첫선을 보이기 때문입니다. GEN4는 속도와 지속가능성, 모터스포츠 혁신의 새로운 지평을 열어갈 모델로 평가받고 있습니다.</p>

  <div style=""background-color: #ffffff; border: 1px solid #e2e8f0; border-radius: 8px; padding: 20px; margin-bottom: 25px;"">
    <h3 style=""margin-top: 0; color: #0f172a; font-size: 1.1rem; margin-bottom: 12px;"">🏎️ GEN4 레이스카 주요 제원</h3>
    <ul style=""margin: 0; padding-left: 20px; line-height: 1.8; color: #334155;"">
      <li><strong>최고 출력:</strong> 600kW (약 815마력)</li>
      <li><strong>제로백 (0-100km/h):</strong> 단 1.8초</li>
      <li><strong>최고 속도:</strong> 335km/h</li>
      <li><strong>구동 방식:</strong> 상시 능동형 사륜구동 (AWD) 및 고토크 시스템</li>
    </ul>
  </div>

  <p style=""line-height: 1.85; margin-bottom: 18px; color: #334155;"">이처럼 유례없는 가속력과 고출력을 발휘하는 GEN4의 성능을 온전히 받아내기 위해, 브리지스톤은 전용 고성능 타이어 라인업인 <strong>포텐자 GEN4(POTENZA GEN4)</strong>를 전격 공개했습니다.</p>

  <h2 style=""color: #1e293b; margin-top: 30px; margin-bottom: 15px; font-size: 1.4rem;"">극한의 조건에 대응하는 브리지스톤의 타이어 기술력</h2>
  <p style=""line-height: 1.85; margin-bottom: 18px; color: #334155;"">815마력의 파워와 사륜구동 시스템이 맞물리면서 타이어가 감당해야 할 하중과 마찰력 요구 조건은 역대 최고 수준으로 높아졌습니다. 브리지스톤은 레이스를 '달리는 실험실'로 삼아 축적해 온 첨단 기술을 아낌없이 투입했습니다.</p>

  <p style=""line-height: 1.85; margin-bottom: 18px; color: #334155;"">새롭게 개발된 포텐자 GEN4는 어떠한 주행 환경에서도 최상의 접지력과 폭넓은 적응력을 발휘하며, 경기 시작부터 체커기를 받을 때까지 일관된 고성능 내구성을 유지합니다. 이와 함께 악천후 속에서도 안정적인 레이스를 펼칠 수 있도록 젖은 노면 전용 <strong>'포텐자 GEN4 타이푼 타이어(POTENZA GEN4 for TYPHOON TYRE)'</strong>도 함께 선보여 날씨 변수에 대한 완벽한 대비책을 마련했습니다.</p>

  <h2 style=""color: #1e293b; margin-top: 30px; margin-bottom: 15px; font-size: 1.4rem;"">성능과 지속가능성의 완벽한 조화</h2>
  <p style=""line-height: 1.85; margin-bottom: 18px; color: #334155;"">브리지스톤은 이번 포뮬러 E 진출을 통해 단순한 레이싱 경쟁을 넘어 친환경 모빌리티의 미래를 제시하고 있습니다. GEN4에 공급되는 모든 타이어는 다음과 같은 친환경 공정과 소재를 적용했습니다.</p>

  <ul style=""margin-bottom: 20px; padding-left: 20px; line-height: 1.8; color: #334155;"">
    <li><strong>친환경 소재 비율 65% 달성:</strong> 폐타이어 열분해유 기반 카본 블랙, 왕겨 유래 실리카 등 재활용 및 재생 가능 소재 적극 활용</li>
    <li><strong>투명한 공급망:</strong> 지속가능한 천연고무를 위한 글로벌 플랫폼(GPSNR) 보증 시스템 준수 및 제3자 검증 완료</li>
    <li><strong>탄소 중립 공정:</strong> 생산 시설의 열과 전력에 100% 재생에너지 배분, 저탄소 물류 운송 체계 구축</li>
  </ul>

  <p style=""line-height: 1.85; margin-bottom: 18px; color: #334155;"">지난 9월 30일 이탈리아 로마에서 열린 월드 프리미어에서 모리타 야스히로 브리지스톤 글로벌 CEO는 ""FIA 월드 챔피언십 복귀는 열정과 혁신의 역사를 보여주는 가슴 벅찬 재도약""이라며, ""최고의 무대인 포뮬러 E에서 성능과 지속가능성의 조화를 한 단계 더 발전시키겠다""고 포부를 밝혔습니다.</p>

  <div style=""background-color: #f0fdf4; border: 1px solid #bbf7d0; border-radius: 8px; padding: 20px; margin-top: 30px;"">
    <h3 style=""margin-top: 0; color: #166534; font-size: 1.1rem; margin-bottom: 10px;"">💡 에디터 구매 가이드 & 총평</h3>
    <p style=""margin-bottom: 10px; color: #15803d; line-height: 1.6;""><strong>추천 대상:</strong> 전기차 모터스포츠 팬, 고성능 타이어 기술 트렌드에 관심이 많은 자동차 마니아</p>
    <p style=""margin-top: 0; margin-bottom: 0; color: #334155; line-height: 1.7;"">브리지스톤의 이번 포뮬러 E 단독 공급자 선정은 단순한 스폰서십 그 이상입니다. 815마력의 전기 레이스카를 지탱하는 고성능 타이어 기술은 결국 미래 일반 전기차용 '포텐자' 라인업의 진화로 이어질 것입니다. 친환경 소재와 극한의 성능을 동시에 잡아낸 브리지스톤의 행보는 향후 글로벌 타이어 시장에 강력한 기술적 기준을 제시할 것으로 기대됩니다.</p>
  </div>",발행완료(워드프레스)
